0,0.36937785148620605,1.0069516895,21000,9000,1,uniform,1,1
0,1.959958553314209,1.0069516895,21000,9000,1,extrapolated,1,1
0,0.44544148445129395,1.0069518123,21000,9000,1,knn,1,1
1,0.3432166576385498,1.0010044430,21000,9000,1,uniform,1,1
1,1.9859321117401123,1.0010044430,21000,9000,1,extrapolated,1,1
1,0.43118786811828613,1.0010839449,21000,9000,1,knn,1,1
2,0.3447577953338623,1.0209595656,21000,9000,1,uniform,1,1
2,2.0103816986083984,1.0209595656,21000,9000,1,extrapolated,1,1
2,0.32289934158325195,1.0217467625,21000,9000,1,knn,1,1
3,0.3442261219024658,0.9992782614,21000,9000,1,uniform,1,1
3,1.9379074573516846,0.9992782614,21000,9000,1,extrapolated,1,1
3,0.43863654136657715,0.9990688842,21000,9000,1,knn,1,1
4,0.3442230224609375,0.9704174885,21000,9000,1,uniform,1,1
4,2.0199763774871826,0.9704174885,21000,9000,1,extrapolated,1,1
4,0.43019700050354004,0.9705468766,21000,9000,1,knn,1,1
5,0.3428208827972412,1.0173198799,21000,9000,1,uniform,1,1
5,1.9598286151885986,1.0173198799,21000,9000,1,extrapolated,1,1
5,0.42966651916503906,1.0170204459,21000,9000,1,knn,1,1
6,0.34795355796813965,0.9919065920,21000,9000,1,uniform,1,1
6,1.9972553253173828,0.9919065920,21000,9000,1,extrapolated,1,1
6,0.43790292739868164,0.9911220523,21000,9000,1,knn,1,1
7,0.3465559482574463,0.9939305279,21000,9000,1,uniform,1,1
7,2.103032112121582,0.9939305279,21000,9000,1,extrapolated,1,1
7,0.33200764656066895,0.9941040820,21000,9000,1,knn,1,1
8,0.7992932796478271,1.0080253723,21000,9000,1,uniform,1,1
8,2.375066041946411,1.0080253723,21000,9000,1,extrapolated,1,1
8,0.43880152702331543,1.0072521464,21000,9000,1,knn,1,1
9,0.3459784984588623,1.0010503170,21000,9000,1,uniform,1,1
9,2.0925519466400146,1.0010503170,21000,9000,1,extrapolated,1,1
9,0.3344264030456543,1.0019411356,21000,9000,1,knn,1,1
10,0.7745914459228516,1.0264683288,21000,9000,1,uniform,1,1
10,2.4124889373779297,1.0264683288,21000,9000,1,extrapolated,1,1
10,0.43897199630737305,1.0269926601,21000,9000,1,knn,1,1
11,0.34497570991516113,1.0184350612,21000,9000,1,uniform,1,1
11,2.0150017738342285,1.0184350612,21000,9000,1,extrapolated,1,1
11,0.384380578994751,1.0186639256,21000,9000,1,knn,1,1
12,0.36501169204711914,1.0039319499,21000,9000,1,uniform,1,1
12,2.0984528064727783,1.0039319499,21000,9000,1,extrapolated,1,1
12,0.21545934677124023,1.0054425485,21000,9000,1,knn,1,1
13,0.33600401878356934,1.0046083032,21000,9000,1,uniform,1,1
13,1.9679038524627686,1.0046083032,21000,9000,1,extrapolated,1,1
13,0.42286062240600586,1.0047248371,21000,9000,1,knn,1,1
14,0.3450441360473633,1.0041761382,21000,9000,1,uniform,1,1
14,1.9263856410980225,1.0041761382,21000,9000,1,extrapolated,1,1
14,0.43228793144226074,1.0041384760,21000,9000,1,knn,1,1
15,0.343494176864624,1.0016312085,21000,9000,1,uniform,1,1
15,1.9267020225524902,1.0016312085,21000,9000,1,extrapolated,1,1
15,0.4285411834716797,1.0017029596,21000,9000,1,knn,1,1
16,0.3447611331939697,0.9901467204,21000,9000,1,uniform,1,1
16,1.9940423965454102,0.9901467204,21000,9000,1,extrapolated,1,1
16,0.45270419120788574,0.9897697608,21000,9000,1,knn,1,1
17,0.34354257583618164,0.9971849441,21000,9000,1,uniform,1,1
17,1.9492461681365967,0.9971849441,21000,9000,1,extrapolated,1,1
17,0.4401214122772217,0.9969435116,21000,9000,1,knn,1,1
18,0.3658914566040039,1.0006833886,21000,9000,1,uniform,1,1
18,2.0341365337371826,1.0006833886,21000,9000,1,extrapolated,1,1
18,0.3861703872680664,1.0008288248,21000,9000,1,knn,1,1
19,0.3632936477661133,0.9885722426,21000,9000,1,uniform,1,1
19,1.9950206279754639,0.9885722426,21000,9000,1,extrapolated,1,1
19,0.3863561153411865,0.9888080671,21000,9000,1,knn,1,1
0,2.0002822875976562,2.2970296596,21000,9000,2,uniform,1,1
0,11.554067373275757,2.0393879024,21000,9000,2,extrapolated,1,1
0,1.6796290874481201,2.2596243541,21000,9000,2,knn,1,1
1,1.9817533493041992,2.3297860239,21000,9000,2,uniform,1,1
1,11.57346796989441,2.1022017426,21000,9000,2,extrapolated,1,1
1,1.6838021278381348,2.2829547347,21000,9000,2,knn,1,1
2,1.9686284065246582,2.3302070321,21000,9000,2,uniform,1,1
2,11.567121267318726,2.0422243159,21000,9000,2,extrapolated,1,1
2,1.6769189834594727,2.3018163917,21000,9000,2,knn,1,1
3,1.9904322624206543,2.4292158146,21000,9000,2,uniform,1,1
3,11.619862079620361,2.1350677879,21000,9000,2,extrapolated,1,1
3,1.6310558319091797,2.3933597254,21000,9000,2,knn,1,1
4,1.9657926559448242,2.3658313751,21000,9000,2,uniform,1,1
4,11.487671852111816,2.0765951603,21000,9000,2,extrapolated,1,1
4,1.6291961669921875,2.3314545771,21000,9000,2,knn,1,1
5,1.5562126636505127,2.3966749256,21000,9000,2,uniform,1,1
5,11.571158647537231,2.0754790028,21000,9000,2,extrapolated,1,1
5,1.6847290992736816,2.3544472737,21000,9000,2,knn,1,1
6,1.9595482349395752,2.3879980128,21000,9000,2,uniform,1,1
6,11.617835521697998,2.0835795650,21000,9000,2,extrapolated,1,1
6,1.685028314590454,2.3529225019,21000,9000,2,knn,1,1
7,1.9875609874725342,2.3474029485,21000,9000,2,uniform,1,1
7,11.624593019485474,2.0481092581,21000,9000,2,extrapolated,1,1
7,1.6670818328857422,2.3191825283,21000,9000,2,knn,1,1
8,1.5744576454162598,2.2840010750,21000,9000,2,uniform,1,1
8,11.424815654754639,2.0873298940,21000,9000,2,extrapolated,1,1
8,1.6966495513916016,2.2570680884,21000,9000,2,knn,1,1
9,1.9737815856933594,2.3207207020,21000,9000,2,uniform,1,1
9,11.74613642692566,2.0786809395,21000,9000,2,extrapolated,1,1
9,1.6882047653198242,2.2839583350,21000,9000,2,knn,1,1
10,2.0022947788238525,2.3049275209,21000,9000,2,uniform,1,1
10,11.613911390304565,2.0853394055,21000,9000,2,extrapolated,1,1
10,1.6434378623962402,2.2837227099,21000,9000,2,knn,1,1
11,1.5424690246582031,2.3273580495,21000,9000,2,uniform,1,1
11,11.597342252731323,2.0734410280,21000,9000,2,extrapolated,1,1
11,1.6881952285766602,2.2992894585,21000,9000,2,knn,1,1
12,1.9796257019042969,2.4273982335,21000,9000,2,uniform,1,1
12,11.46993112564087,2.1615049011,21000,9000,2,extrapolated,1,1
12,1.6714975833892822,2.3833270740,21000,9000,2,knn,1,1
13,1.5493786334991455,2.3618962048,21000,9000,2,uniform,1,1
13,11.498634815216064,2.0468981739,21000,9000,2,extrapolated,1,1
13,1.6891734600067139,2.3120196493,21000,9000,2,knn,1,1
14,1.560547113418579,2.4324591923,21000,9000,2,uniform,1,1
14,11.475775718688965,2.1374832158,21000,9000,2,extrapolated,1,1
14,1.6904773712158203,2.3795191492,21000,9000,2,knn,1,1
15,1.9962098598480225,2.3158183202,21000,9000,2,uniform,1,1
15,11.678207874298096,2.0605250925,21000,9000,2,extrapolated,1,1
15,1.8625531196594238,2.3100123461,21000,9000,2,knn,1,1
16,1.9566702842712402,2.2809305453,21000,9000,2,uniform,1,1
16,11.567768573760986,2.0339641127,21000,9000,2,extrapolated,1,1
16,1.6973071098327637,2.2481788439,21000,9000,2,knn,1,1
17,1.9616436958312988,2.3305454220,21000,9000,2,uniform,1,1
17,11.610137462615967,2.0572748088,21000,9000,2,extrapolated,1,1
17,1.6534147262573242,2.3135874185,21000,9000,2,knn,1,1
18,1.5644795894622803,2.3223618924,21000,9000,2,uniform,1,1
18,11.466109991073608,2.0710642630,21000,9000,2,extrapolated,1,1
18,1.6427412033081055,2.2607396975,21000,9000,2,knn,1,1
19,1.5411171913146973,2.3625366108,21000,9000,2,uniform,1,1
19,11.52854323387146,2.0791557561,21000,9000,2,extrapolated,1,1
19,1.6756024360656738,2.3269207235,21000,9000,2,knn,1,1
0,0.09404921531677246,541.9881975372,21000,9000,3,uniform,1,1
0,1.8495597839355469,549.5888008200,21000,9000,3,extrapolated,1,1
0,0.07960724830627441,538.2884925280,21000,9000,3,knn,1,1
1,0.09429574012756348,526.6406092413,21000,9000,3,uniform,1,1
1,1.842395305633545,530.9080032825,21000,9000,3,extrapolated,1,1
1,0.0656137466430664,507.8366553128,21000,9000,3,knn,1,1
2,0.09416747093200684,535.5615889678,21000,9000,3,uniform,1,1
2,2.0675063133239746,517.2744851379,21000,9000,3,extrapolated,1,1
2,0.07920193672180176,504.0115519349,21000,9000,3,knn,1,1
3,0.09338808059692383,556.0980622934,21000,9000,3,uniform,1,1
3,1.8521559238433838,567.0480329131,21000,9000,3,extrapolated,1,1
3,0.07835817337036133,526.3572694737,21000,9000,3,knn,1,1
4,0.09442591667175293,554.3010315997,21000,9000,3,uniform,1,1
4,1.819004774093628,556.5395499094,21000,9000,3,extrapolated,1,1
4,0.06657099723815918,535.2278827623,21000,9000,3,knn,1,1
5,0.09403467178344727,552.8307213296,21000,9000,3,uniform,1,1
5,1.8743772506713867,555.4048013059,21000,9000,3,extrapolated,1,1
5,0.06557846069335938,520.3623225993,21000,9000,3,knn,1,1
6,0.0949409008026123,521.0431290270,21000,9000,3,uniform,1,1
6,1.9559030532836914,531.2613173223,21000,9000,3,extrapolated,1,1
6,0.06651759147644043,501.9332321167,21000,9000,3,knn,1,1
7,0.09402775764465332,549.0433434196,21000,9000,3,uniform,1,1
7,1.8871409893035889,553.7429881419,21000,9000,3,extrapolated,1,1
7,0.06543612480163574,523.4578816950,21000,9000,3,knn,1,1
8,0.09425187110900879,563.5020422477,21000,9000,3,uniform,1,1
8,1.8788120746612549,564.2778152035,21000,9000,3,extrapolated,1,1
8,0.06558680534362793,543.6060714244,21000,9000,3,knn,1,1
9,0.09573125839233398,556.0136673243,21000,9000,3,uniform,1,1
9,1.8584043979644775,559.8872975151,21000,9000,3,extrapolated,1,1
9,0.0661771297454834,538.7673228849,21000,9000,3,knn,1,1
10,0.09457516670227051,538.1930588069,21000,9000,3,uniform,1,1
10,1.8273086547851562,536.8693242576,21000,9000,3,extrapolated,1,1
10,0.06549072265625,523.4772128676,21000,9000,3,knn,1,1
11,0.09446382522583008,557.9575393314,21000,9000,3,uniform,1,1
11,1.8572840690612793,560.0784020488,21000,9000,3,extrapolated,1,1
11,0.06444287300109863,536.7790187991,21000,9000,3,knn,1,1
12,0.09488725662231445,534.1675798320,21000,9000,3,uniform,1,1
12,1.8569157123565674,536.1669154651,21000,9000,3,extrapolated,1,1
12,0.06682848930358887,504.9527427751,21000,9000,3,knn,1,1
13,0.09442734718322754,556.5611668385,21000,9000,3,uniform,1,1
13,1.8705451488494873,565.7454258507,21000,9000,3,extrapolated,1,1
13,0.07986927032470703,538.7353302985,21000,9000,3,knn,1,1
14,0.09310674667358398,524.9912863113,21000,9000,3,uniform,1,1
14,1.8541216850280762,531.3312851829,21000,9000,3,extrapolated,1,1
14,0.06440424919128418,499.1863664009,21000,9000,3,knn,1,1
15,0.09404730796813965,509.4157846088,21000,9000,3,uniform,1,1
15,1.8068621158599854,517.8280946990,21000,9000,3,extrapolated,1,1
15,0.0679171085357666,493.6894738439,21000,9000,3,knn,1,1
16,0.09531831741333008,533.2035238232,21000,9000,3,uniform,1,1
16,1.832890510559082,538.5619648930,21000,9000,3,extrapolated,1,1
16,0.07938885688781738,523.7240763082,21000,9000,3,knn,1,1
17,0.09428787231445312,536.9382776376,21000,9000,3,uniform,1,1
17,1.8171048164367676,543.4457189021,21000,9000,3,extrapolated,1,1
17,0.07863712310791016,523.9908912617,21000,9000,3,knn,1,1
18,0.09426236152648926,561.9352313221,21000,9000,3,uniform,1,1
18,1.8067407608032227,561.8187210472,21000,9000,3,extrapolated,1,1
18,0.08002948760986328,525.9042939418,21000,9000,3,knn,1,1
19,0.09385085105895996,533.4617847721,21000,9000,3,uniform,1,1
19,1.8462615013122559,541.7898936969,21000,9000,3,extrapolated,1,1
19,0.10001444816589355,509.6603836290,21000,9000,3,knn,1,1
0,3.0273256301879883,0.9914562064,21000,9000,4,uniform,1,1
0,6.226853132247925,0.9914657390,21000,9000,4,extrapolated,1,1
0,1.004725456237793,0.9930199305,21000,9000,4,knn,1,1
1,3.0236928462982178,1.0069615771,21000,9000,4,uniform,1,1
1,6.288610219955444,1.0069714093,21000,9000,4,extrapolated,1,1
1,0.9988307952880859,1.0090830750,21000,9000,4,knn,1,1
2,3.016702890396118,1.0142741073,21000,9000,4,uniform,1,1
2,6.211251735687256,1.0142819372,21000,9000,4,extrapolated,1,1
2,1.000288724899292,1.0154010698,21000,9000,4,knn,1,1
3,3.0206997394561768,0.9733822134,21000,9000,4,uniform,1,1
3,6.195367336273193,0.9733866328,21000,9000,4,extrapolated,1,1
3,1.0001332759857178,0.9750117017,21000,9000,4,knn,1,1
4,3.0139148235321045,1.0034806354,21000,9000,4,uniform,1,1
4,6.217287063598633,1.0034910549,21000,9000,4,extrapolated,1,1
4,0.994133710861206,1.0057168125,21000,9000,4,knn,1,1
5,3.0197455883026123,1.0214571239,21000,9000,4,uniform,1,1
5,6.1930437088012695,1.0214576309,21000,9000,4,extrapolated,1,1
5,0.9950001239776611,1.0237587679,21000,9000,4,knn,1,1
6,3.0187788009643555,1.0300987512,21000,9000,4,uniform,1,1
6,6.219225168228149,1.0300975794,21000,9000,4,extrapolated,1,1
6,0.9135627746582031,1.0327805848,21000,9000,4,knn,1,1
7,3.0183537006378174,1.0336141508,21000,9000,4,uniform,1,1
7,6.231861352920532,1.0336070088,21000,9000,4,extrapolated,1,1
7,0.9878780841827393,1.0347907858,21000,9000,4,knn,1,1
8,3.029329776763916,1.0117606323,21000,9000,4,uniform,1,1
8,6.440316438674927,1.0117584044,21000,9000,4,extrapolated,1,1
8,1.002539873123169,1.0129482296,21000,9000,4,knn,1,1
9,3.03348708152771,1.0383719696,21000,9000,4,uniform,1,1
9,6.275454521179199,1.0383605673,21000,9000,4,extrapolated,1,1
9,1.0022873878479004,1.0395398360,21000,9000,4,knn,1,1
10,3.025614023208618,1.0157689408,21000,9000,4,uniform,1,1
10,6.2423317432403564,1.0157697108,21000,9000,4,extrapolated,1,1
10,1.0027880668640137,1.0167050706,21000,9000,4,knn,1,1
11,3.017282724380493,0.9841579639,21000,9000,4,uniform,1,1
11,6.244541168212891,0.9841622167,21000,9000,4,extrapolated,1,1
11,1.0048308372497559,0.9854293617,21000,9000,4,knn,1,1
12,3.0314033031463623,0.9973571033,21000,9000,4,uniform,1,1
12,6.310884714126587,0.9973686225,21000,9000,4,extrapolated,1,1
12,0.9982202053070068,0.9996687126,21000,9000,4,knn,1,1
13,1.567589282989502,1.0503696171,21000,9000,4,uniform,1,1
13,4.289045333862305,1.0503465474,21000,9000,4,extrapolated,1,1
13,1.0137479305267334,1.0515015784,21000,9000,4,knn,1,1
14,3.0159363746643066,1.0051654696,21000,9000,4,uniform,1,1
14,6.225925922393799,1.0051673310,21000,9000,4,extrapolated,1,1
14,0.9950342178344727,1.0056869362,21000,9000,4,knn,1,1
15,0.8673560619354248,0.9887813157,21000,9000,4,uniform,1,1
15,3.3742294311523438,0.9887762224,21000,9000,4,extrapolated,1,1
15,0.9022269248962402,0.9889001213,21000,9000,4,knn,1,1
16,3.0453803539276123,1.0071645216,21000,9000,4,uniform,1,1
16,6.194504261016846,1.0071700952,21000,9000,4,extrapolated,1,1
16,0.9956185817718506,1.0086604936,21000,9000,4,knn,1,1
17,3.0053462982177734,1.0034605464,21000,9000,4,uniform,1,1
17,6.427881956100464,1.0034661986,21000,9000,4,extrapolated,1,1
17,1.0464794635772705,1.0061828182,21000,9000,4,knn,1,1
18,3.006687641143799,0.9937466385,21000,9000,4,uniform,1,1
18,6.195884943008423,0.9937497295,21000,9000,4,extrapolated,1,1
18,1.0480506420135498,0.9942402258,21000,9000,4,knn,1,1
19,3.0024712085723877,1.0194969910,21000,9000,4,uniform,1,1
19,6.239583969116211,1.0195067682,21000,9000,4,extrapolated,1,1
19,1.004469871520996,1.0204960557,21000,9000,4,knn,1,1
0,0.5132057666778564,1.0071458910,21000,9000,1,uniform,1,2
0,3.0394604206085205,1.0071458910,21000,9000,1,extrapolated,1,2
0,0.4420351982116699,1.0069518123,21000,9000,1,knn,1,2
1,0.5128304958343506,1.0007600230,21000,9000,1,uniform,1,2
1,2.8671765327453613,1.0007600230,21000,9000,1,extrapolated,1,2
1,0.428194522857666,1.0010839449,21000,9000,1,knn,1,2
2,0.2455275058746338,1.0223901908,21000,9000,1,uniform,1,2
2,2.661628007888794,1.0223901908,21000,9000,1,extrapolated,1,2
2,0.338336706161499,1.0217467625,21000,9000,1,knn,1,2
3,0.5136184692382812,0.9982333723,21000,9000,1,uniform,1,2
3,2.91566801071167,0.9982333723,21000,9000,1,extrapolated,1,2
3,0.4310910701751709,0.9990688842,21000,9000,1,knn,1,2
4,0.5136001110076904,0.9702247805,21000,9000,1,uniform,1,2
4,2.934471607208252,0.9702247805,21000,9000,1,extrapolated,1,2
4,0.42886996269226074,0.9705468766,21000,9000,1,knn,1,2
5,0.512444257736206,1.0167500561,21000,9000,1,uniform,1,2
5,2.8282058238983154,1.0167500561,21000,9000,1,extrapolated,1,2
5,0.4341409206390381,1.0170204459,21000,9000,1,knn,1,2
6,0.5119318962097168,0.9901191578,21000,9000,1,uniform,1,2
6,3.0336287021636963,0.9901191578,21000,9000,1,extrapolated,1,2
6,0.4279603958129883,0.9911220523,21000,9000,1,knn,1,2
7,0.520575761795044,0.9945052894,21000,9000,1,uniform,1,2
7,2.8084890842437744,0.9945052894,21000,9000,1,extrapolated,1,2
7,0.3231194019317627,0.9941040820,21000,9000,1,knn,1,2
8,0.5126636028289795,1.0068786887,21000,9000,1,uniform,1,2
8,2.8220667839050293,1.0068786887,21000,9000,1,extrapolated,1,2
8,0.4290122985839844,1.0072521464,21000,9000,1,knn,1,2
9,0.5125956535339355,1.0000299906,21000,9000,1,uniform,1,2
9,2.8863685131073,1.0000299906,21000,9000,1,extrapolated,1,2
9,0.3220088481903076,1.0019411356,21000,9000,1,knn,1,2
10,0.5162663459777832,1.0267398274,21000,9000,1,uniform,1,2
10,2.8137223720550537,1.0267398274,21000,9000,1,extrapolated,1,2
10,0.42974328994750977,1.0269926601,21000,9000,1,knn,1,2
11,0.5134506225585938,1.0179727217,21000,9000,1,uniform,1,2
11,2.909278631210327,1.0179727217,21000,9000,1,extrapolated,1,2
11,0.3719356060028076,1.0186639256,21000,9000,1,knn,1,2
12,0.24245309829711914,1.0046171594,21000,9000,1,uniform,1,2
12,2.5054361820220947,1.0046171594,21000,9000,1,extrapolated,1,2
12,0.227156400680542,1.0054425485,21000,9000,1,knn,1,2
13,0.5051925182342529,1.0045003377,21000,9000,1,uniform,1,2
13,2.8208250999450684,1.0045003377,21000,9000,1,extrapolated,1,2
13,0.4233224391937256,1.0047248371,21000,9000,1,knn,1,2
14,0.5144107341766357,1.0044089209,21000,9000,1,uniform,1,2
14,2.8357911109924316,1.0044089209,21000,9000,1,extrapolated,1,2
14,0.4400012493133545,1.0041384760,21000,9000,1,knn,1,2
15,0.5134541988372803,1.0017510726,21000,9000,1,uniform,1,2
15,2.868502140045166,1.0017510726,21000,9000,1,extrapolated,1,2
15,0.4291806221008301,1.0017029596,21000,9000,1,knn,1,2
16,0.5140528678894043,0.9893611092,21000,9000,1,uniform,1,2
16,2.8027102947235107,0.9893611092,21000,9000,1,extrapolated,1,2
16,0.4304392337799072,0.9897697608,21000,9000,1,knn,1,2
17,0.5112874507904053,0.9957340188,21000,9000,1,uniform,1,2
17,2.847788095474243,0.9957340188,21000,9000,1,extrapolated,1,2
17,0.42731451988220215,0.9969435116,21000,9000,1,knn,1,2
18,0.5149624347686768,1.0002891098,21000,9000,1,uniform,1,2
18,2.8275113105773926,1.0002891098,21000,9000,1,extrapolated,1,2
18,0.3718605041503906,1.0008288248,21000,9000,1,knn,1,2
19,0.5134227275848389,0.9882986112,21000,9000,1,uniform,1,2
19,2.936542272567749,0.9882986112,21000,9000,1,extrapolated,1,2
19,0.37883520126342773,0.9888080671,21000,9000,1,knn,1,2
0,1.8168461322784424,2.2892389571,21000,9000,2,uniform,1,2
0,11.990422248840332,2.0683838956,21000,9000,2,extrapolated,1,2
0,1.6767067909240723,2.2596243541,21000,9000,2,knn,1,2
1,1.8046953678131104,2.3137271994,21000,9000,2,uniform,1,2
1,11.982300758361816,2.1472851796,21000,9000,2,extrapolated,1,2
1,1.687138319015503,2.2829547347,21000,9000,2,knn,1,2
2,1.8020002841949463,2.3300336463,21000,9000,2,uniform,1,2
2,11.836289167404175,2.0161022122,21000,9000,2,extrapolated,1,2
2,1.6800460815429688,2.3018163917,21000,9000,2,knn,1,2
3,1.8056795597076416,2.4205108106,21000,9000,2,uniform,1,2
3,11.980655193328857,2.1654728759,21000,9000,2,extrapolated,1,2
3,1.6341981887817383,2.3933597254,21000,9000,2,knn,1,2
4,1.806821584701538,2.3620721994,21000,9000,2,uniform,1,2
4,11.946700811386108,2.0810058489,21000,9000,2,extrapolated,1,2
4,1.67452073097229,2.3314545771,21000,9000,2,knn,1,2
5,1.829601526260376,2.3719072071,21000,9000,2,uniform,1,2
5,11.771615028381348,2.0569314904,21000,9000,2,extrapolated,1,2
5,1.6551129817962646,2.3544472737,21000,9000,2,knn,1,2
6,1.8108644485473633,2.3793884154,21000,9000,2,uniform,1,2
6,11.991649389266968,2.0951590472,21000,9000,2,extrapolated,1,2
6,1.651153564453125,2.3529225019,21000,9000,2,knn,1,2
7,1.8077576160430908,2.3534128263,21000,9000,2,uniform,1,2
7,11.853498458862305,2.1206607881,21000,9000,2,extrapolated,1,2
7,1.675339937210083,2.3191825283,21000,9000,2,knn,1,2
8,1.8411641120910645,2.2983104105,21000,9000,2,uniform,1,2
8,11.901175022125244,2.1048579388,21000,9000,2,extrapolated,1,2
8,1.6779279708862305,2.2570680884,21000,9000,2,knn,1,2
9,1.8282861709594727,2.3149277988,21000,9000,2,uniform,1,2
9,12.129173278808594,2.0839940042,21000,9000,2,extrapolated,1,2
9,1.6840810775756836,2.2839583350,21000,9000,2,knn,1,2
10,1.8170907497406006,2.3090959650,21000,9000,2,uniform,1,2
10,12.228506803512573,2.1547359332,21000,9000,2,extrapolated,1,2
10,1.688830852508545,2.2837227099,21000,9000,2,knn,1,2
11,1.827225923538208,2.3228093125,21000,9000,2,uniform,1,2
11,11.939521074295044,2.1037503773,21000,9000,2,extrapolated,1,2
11,1.6559443473815918,2.2992894585,21000,9000,2,knn,1,2
12,1.8111071586608887,2.4177478180,21000,9000,2,uniform,1,2
12,11.782269954681396,2.2355736133,21000,9000,2,extrapolated,1,2
12,1.6598002910614014,2.3833270740,21000,9000,2,knn,1,2
13,1.8030297756195068,2.3416188891,21000,9000,2,uniform,1,2
13,11.9053373336792,2.0854859652,21000,9000,2,extrapolated,1,2
13,1.681631088256836,2.3120196493,21000,9000,2,knn,1,2
14,1.8176813125610352,2.3940748322,21000,9000,2,uniform,1,2
14,12.042850732803345,2.1802580367,21000,9000,2,extrapolated,1,2
14,1.6449251174926758,2.3795191492,21000,9000,2,knn,1,2
15,1.8320910930633545,2.3219319849,21000,9000,2,uniform,1,2
15,12.192497491836548,2.0820412913,21000,9000,2,extrapolated,1,2
15,1.9025304317474365,2.3100123461,21000,9000,2,knn,1,2
16,1.8366386890411377,2.2744065158,21000,9000,2,uniform,1,2
16,12.27251935005188,2.0296172830,21000,9000,2,extrapolated,1,2
16,1.6445813179016113,2.2481788439,21000,9000,2,knn,1,2
17,1.8081166744232178,2.3312542823,21000,9000,2,uniform,1,2
17,12.150505542755127,2.0878870064,21000,9000,2,extrapolated,1,2
17,1.6899116039276123,2.3135874185,21000,9000,2,knn,1,2
18,1.8210766315460205,2.3004974813,21000,9000,2,uniform,1,2
18,12.053155899047852,2.1466718582,21000,9000,2,extrapolated,1,2
18,1.6776928901672363,2.2607396975,21000,9000,2,knn,1,2
19,1.8055000305175781,2.3521147862,21000,9000,2,uniform,1,2
19,12.027009963989258,2.1554751004,21000,9000,2,extrapolated,1,2
19,1.637380599975586,2.3269207235,21000,9000,2,knn,1,2
0,0.13435912132263184,557.9863668437,21000,9000,3,uniform,1,2
0,2.621837615966797,557.9493727664,21000,9000,3,extrapolated,1,2
0,0.0798654556274414,538.2884925280,21000,9000,3,knn,1,2
1,0.13413572311401367,537.4240102998,21000,9000,3,uniform,1,2
1,2.623722553253174,538.7666988337,21000,9000,3,extrapolated,1,2
1,0.0655207633972168,507.8366553128,21000,9000,3,knn,1,2
2,0.13465642929077148,536.5373204276,21000,9000,3,uniform,1,2
2,2.55643367767334,539.8522128793,21000,9000,3,extrapolated,1,2
2,0.07948470115661621,504.0115519349,21000,9000,3,knn,1,2
3,0.13412904739379883,558.9418633307,21000,9000,3,uniform,1,2
3,2.6031370162963867,559.3260657381,21000,9000,3,extrapolated,1,2
3,0.07880473136901855,526.3572694737,21000,9000,3,knn,1,2
4,0.13431596755981445,560.5959598577,21000,9000,3,uniform,1,2
4,2.6650137901306152,558.5623048355,21000,9000,3,extrapolated,1,2
4,0.06585073471069336,535.2278827623,21000,9000,3,knn,1,2
5,0.13443946838378906,568.5661614013,21000,9000,3,uniform,1,2
5,2.6722137928009033,566.5774087092,21000,9000,3,extrapolated,1,2
5,0.06476616859436035,520.3623225993,21000,9000,3,knn,1,2
6,0.13505148887634277,510.0876766359,21000,9000,3,uniform,1,2
6,2.798516273498535,513.5268398593,21000,9000,3,extrapolated,1,2
6,0.06500935554504395,501.9332321167,21000,9000,3,knn,1,2
7,0.13381123542785645,561.6667722431,21000,9000,3,uniform,1,2
7,2.656141996383667,565.6501630319,21000,9000,3,extrapolated,1,2
7,0.06531596183776855,523.4578816950,21000,9000,3,knn,1,2
8,0.13418817520141602,577.5151779670,21000,9000,3,uniform,1,2
8,2.6415328979492188,577.8790179767,21000,9000,3,extrapolated,1,2
8,0.0649864673614502,543.6060714244,21000,9000,3,knn,1,2
9,0.13492894172668457,565.5673634888,21000,9000,3,uniform,1,2
9,2.622904062271118,563.9376990908,21000,9000,3,extrapolated,1,2
9,0.06636643409729004,538.7673228849,21000,9000,3,knn,1,2
10,0.13393735885620117,542.0409171255,21000,9000,3,uniform,1,2
10,2.6230623722076416,543.1528717418,21000,9000,3,extrapolated,1,2
10,0.06583070755004883,523.4772128676,21000,9000,3,knn,1,2
11,0.1335315704345703,576.7353334413,21000,9000,3,uniform,1,2
11,2.5828075408935547,572.1076624510,21000,9000,3,extrapolated,1,2
11,0.06621193885803223,536.7790187991,21000,9000,3,knn,1,2
12,0.13504552841186523,531.6670771801,21000,9000,3,uniform,1,2
12,2.713289499282837,532.2988869352,21000,9000,3,extrapolated,1,2
12,0.06502318382263184,504.9527427751,21000,9000,3,knn,1,2
13,0.13522028923034668,572.2006021902,21000,9000,3,uniform,1,2
13,2.650970697402954,567.6749814851,21000,9000,3,extrapolated,1,2
13,0.08030080795288086,538.7353302985,21000,9000,3,knn,1,2
14,0.13388729095458984,532.1146111836,21000,9000,3,uniform,1,2
14,2.838376045227051,530.8827249680,21000,9000,3,extrapolated,1,2
14,0.06479191780090332,499.1863664009,21000,9000,3,knn,1,2
15,0.1342153549194336,523.1547165850,21000,9000,3,uniform,1,2
15,2.623948335647583,523.6871194120,21000,9000,3,extrapolated,1,2
15,0.06504011154174805,493.6894738439,21000,9000,3,knn,1,2
16,0.13478922843933105,560.4931245047,21000,9000,3,uniform,1,2
16,2.614525318145752,558.6736595491,21000,9000,3,extrapolated,1,2
16,0.08213043212890625,523.7240763082,21000,9000,3,knn,1,2
17,0.13404488563537598,554.0442128751,21000,9000,3,uniform,1,2
17,2.801057815551758,553.3514006593,21000,9000,3,extrapolated,1,2
17,0.08073544502258301,523.9908912617,21000,9000,3,knn,1,2
18,0.1352829933166504,569.3169334126,21000,9000,3,uniform,1,2
18,2.577766180038452,568.5844457562,21000,9000,3,extrapolated,1,2
18,0.10344767570495605,525.9042939418,21000,9000,3,knn,1,2
19,0.13392972946166992,521.3902405552,21000,9000,3,uniform,1,2
19,2.6247363090515137,525.9468801872,21000,9000,3,extrapolated,1,2
19,0.06483125686645508,509.6603836290,21000,9000,3,knn,1,2
0,4.4715893268585205,0.9912815472,21000,9000,4,uniform,1,2
0,8.963295221328735,0.9912852144,21000,9000,4,extrapolated,1,2
0,1.0025553703308105,0.9930199305,21000,9000,4,knn,1,2
1,4.430072546005249,1.0063539614,21000,9000,4,uniform,1,2
1,8.717933416366577,1.0063627201,21000,9000,4,extrapolated,1,2
1,1.0165953636169434,1.0090830750,21000,9000,4,knn,1,2
2,4.450102090835571,1.0139677096,21000,9000,4,uniform,1,2
2,9.032135248184204,1.0139586407,21000,9000,4,extrapolated,1,2
2,0.9968037605285645,1.0154010698,21000,9000,4,knn,1,2
3,4.436000108718872,0.9728467649,21000,9000,4,uniform,1,2
3,8.679632663726807,0.9728476349,21000,9000,4,extrapolated,1,2
3,1.0052025318145752,0.9750117017,21000,9000,4,knn,1,2
4,4.4447410106658936,1.0040877978,21000,9000,4,uniform,1,2
4,8.69874095916748,1.0040906975,21000,9000,4,extrapolated,1,2
4,1.0043940544128418,1.0057168125,21000,9000,4,knn,1,2
5,4.4462890625,1.0210624219,21000,9000,4,uniform,1,2
5,8.654311895370483,1.0210549176,21000,9000,4,extrapolated,1,2
5,1.0034534931182861,1.0237587679,21000,9000,4,knn,1,2
6,4.466750383377075,1.0302335926,21000,9000,4,uniform,1,2
6,8.712116003036499,1.0302411890,21000,9000,4,extrapolated,1,2
6,0.9028916358947754,1.0327805848,21000,9000,4,knn,1,2
7,4.436936140060425,1.0334429810,21000,9000,4,uniform,1,2
7,8.69657564163208,1.0334492505,21000,9000,4,extrapolated,1,2
7,0.9942491054534912,1.0347907858,21000,9000,4,knn,1,2
8,4.452132225036621,1.0120031113,21000,9000,4,uniform,1,2
8,8.789304256439209,1.0120097100,21000,9000,4,extrapolated,1,2
8,1.0011625289916992,1.0129482296,21000,9000,4,knn,1,2
9,4.4468889236450195,1.0381431031,21000,9000,4,uniform,1,2
9,8.72254204750061,1.0381322899,21000,9000,4,extrapolated,1,2
9,0.9959373474121094,1.0395398360,21000,9000,4,knn,1,2
10,4.442392826080322,1.0154985932,21000,9000,4,uniform,1,2
10,8.801703453063965,1.0154995139,21000,9000,4,extrapolated,1,2
10,0.9971978664398193,1.0167050706,21000,9000,4,knn,1,2
11,4.443803548812866,0.9841637177,21000,9000,4,uniform,1,2
11,8.660586595535278,0.9841640684,21000,9000,4,extrapolated,1,2
11,1.0110597610473633,0.9854293617,21000,9000,4,knn,1,2
12,4.471885442733765,0.9970818351,21000,9000,4,uniform,1,2
12,8.706530570983887,0.9970837580,21000,9000,4,extrapolated,1,2
12,1.0005717277526855,0.9996687126,21000,9000,4,knn,1,2
13,4.4579808712005615,1.0495853986,21000,9000,4,uniform,1,2
13,8.868001937866211,1.0495835412,21000,9000,4,extrapolated,1,2
13,1.003603458404541,1.0515015784,21000,9000,4,knn,1,2
14,4.424203872680664,1.0049719492,21000,9000,4,uniform,1,2
14,8.728759288787842,1.0049714054,21000,9000,4,extrapolated,1,2
14,1.0033819675445557,1.0056869362,21000,9000,4,knn,1,2
15,4.446699857711792,0.9865468849,21000,9000,4,uniform,1,2
15,8.968611717224121,0.9865450824,21000,9000,4,extrapolated,1,2
15,0.9059865474700928,0.9889001213,21000,9000,4,knn,1,2
16,4.454854488372803,1.0070931014,21000,9000,4,uniform,1,2
16,9.071891784667969,1.0071001547,21000,9000,4,extrapolated,1,2
16,0.9986801147460938,1.0086604936,21000,9000,4,knn,1,2
17,4.449851751327515,1.0034350138,21000,9000,4,uniform,1,2
17,8.754438638687134,1.0034316423,21000,9000,4,extrapolated,1,2
17,0.9928467273712158,1.0061828182,21000,9000,4,knn,1,2
18,4.447184324264526,0.9933191341,21000,9000,4,uniform,1,2
18,9.015802383422852,0.9933098949,21000,9000,4,extrapolated,1,2
18,1.004390001296997,0.9942402258,21000,9000,4,knn,1,2
19,4.448806524276733,1.0193328716,21000,9000,4,uniform,1,2
19,9.003144025802612,1.0193333670,21000,9000,4,extrapolated,1,2
19,1.0027258396148682,1.0204960557,21000,9000,4,knn,1,2
0,0.3093595504760742,1.0071531764,21000,9000,1,uniform,2,1
0,3.3277149200439453,1.0071531764,21000,9000,1,extrapolated,2,1
0,0.44469738006591797,1.0069518123,21000,9000,1,knn,2,1
1,0.3095123767852783,1.0010934232,21000,9000,1,uniform,2,1
1,3.291794538497925,1.0010934232,21000,9000,1,extrapolated,2,1
1,0.4352538585662842,1.0010839449,21000,9000,1,knn,2,1
2,0.30964040756225586,1.0210210209,21000,9000,1,uniform,2,1
2,3.6499292850494385,1.0210210209,21000,9000,1,extrapolated,2,1
2,0.3379495143890381,1.0217467625,21000,9000,1,knn,2,1
3,0.3199324607849121,0.9990599333,21000,9000,1,uniform,2,1
3,3.318162441253662,0.9990599333,21000,9000,1,extrapolated,2,1
3,0.4388155937194824,0.9990688842,21000,9000,1,knn,2,1
4,0.3104536533355713,0.9702866056,21000,9000,1,uniform,2,1
4,3.3469624519348145,0.9702866056,21000,9000,1,extrapolated,2,1
4,0.4390602111816406,0.9705468766,21000,9000,1,knn,2,1
5,0.3092308044433594,1.0173638103,21000,9000,1,uniform,2,1
5,3.3513193130493164,1.0173638103,21000,9000,1,extrapolated,2,1
5,0.43897223472595215,1.0170204459,21000,9000,1,knn,2,1
6,0.3106694221496582,0.9917816329,21000,9000,1,uniform,2,1
6,3.6074724197387695,0.9917816329,21000,9000,1,extrapolated,2,1
6,0.43947339057922363,0.9911220523,21000,9000,1,knn,2,1
7,0.30901193618774414,0.9940623367,21000,9000,1,uniform,2,1
7,3.2814981937408447,0.9940623367,21000,9000,1,extrapolated,2,1
7,0.33428359031677246,0.9941040820,21000,9000,1,knn,2,1
8,0.6540656089782715,1.0078808622,21000,9000,1,uniform,2,1
8,4.046204566955566,1.0078808622,21000,9000,1,extrapolated,2,1
8,0.42897510528564453,1.0072521464,21000,9000,1,knn,2,1
9,0.3101687431335449,1.0013741734,21000,9000,1,uniform,2,1
9,3.256235361099243,1.0013741734,21000,9000,1,extrapolated,2,1
9,0.33800673484802246,1.0019411356,21000,9000,1,knn,2,1
10,0.6570448875427246,1.0262980696,21000,9000,1,uniform,2,1
10,3.6823747158050537,1.0262980696,21000,9000,1,extrapolated,2,1
10,0.4293973445892334,1.0269926601,21000,9000,1,knn,2,1
11,0.3084440231323242,1.0184726730,21000,9000,1,uniform,2,1
11,3.326134443283081,1.0184726730,21000,9000,1,extrapolated,2,1
11,0.38530588150024414,1.0186639256,21000,9000,1,knn,2,1
12,0.3105912208557129,1.0037534866,21000,9000,1,uniform,2,1
12,3.3203012943267822,1.0037534866,21000,9000,1,extrapolated,2,1
12,0.2286217212677002,1.0054425485,21000,9000,1,knn,2,1
13,0.30365657806396484,1.0042835856,21000,9000,1,uniform,2,1
13,3.3238484859466553,1.0042835856,21000,9000,1,extrapolated,2,1
13,0.45959973335266113,1.0047248371,21000,9000,1,knn,2,1
14,0.3114030361175537,1.0043814974,21000,9000,1,uniform,2,1
14,3.323871612548828,1.0043814974,21000,9000,1,extrapolated,2,1
14,0.43845391273498535,1.0041384760,21000,9000,1,knn,2,1
15,0.3107905387878418,1.0010905189,21000,9000,1,uniform,2,1
15,3.29573392868042,1.0010905189,21000,9000,1,extrapolated,2,1
15,0.43819284439086914,1.0017029596,21000,9000,1,knn,2,1
16,0.3089935779571533,0.9902886123,21000,9000,1,uniform,2,1
16,3.6834189891815186,0.9902886123,21000,9000,1,extrapolated,2,1
16,0.45128750801086426,0.9897697608,21000,9000,1,knn,2,1
17,0.3090090751647949,0.9969646722,21000,9000,1,uniform,2,1
17,3.28594708442688,0.9969646722,21000,9000,1,extrapolated,2,1
17,0.4381844997406006,0.9969435116,21000,9000,1,knn,2,1
18,0.3101460933685303,1.0011109252,21000,9000,1,uniform,2,1
18,3.3153507709503174,1.0011109252,21000,9000,1,extrapolated,2,1
18,0.3836545944213867,1.0008288248,21000,9000,1,knn,2,1
19,0.3084745407104492,0.9883748759,21000,9000,1,uniform,2,1
19,3.304598569869995,0.9883748759,21000,9000,1,extrapolated,2,1
19,0.3831303119659424,0.9888080671,21000,9000,1,knn,2,1
0,2.1557607650756836,2.3131151821,21000,9000,2,uniform,2,1
0,13.928563833236694,2.0866244057,21000,9000,2,extrapolated,2,1
0,1.620734453201294,2.2596243541,21000,9000,2,knn,2,1
1,2.1384851932525635,2.3502508420,21000,9000,2,uniform,2,1
1,12.479857444763184,2.1904734524,21000,9000,2,extrapolated,2,1
1,1.635606050491333,2.2829547347,21000,9000,2,knn,2,1
2,2.1414687633514404,2.3424818511,21000,9000,2,uniform,2,1
2,14.12607455253601,2.0932231506,21000,9000,2,extrapolated,2,1
2,1.662468671798706,2.3018163917,21000,9000,2,knn,2,1
3,2.1384270191192627,2.4562012250,21000,9000,2,uniform,2,1
3,12.440844774246216,2.2082839657,21000,9000,2,extrapolated,2,1
3,1.65509033203125,2.3933597254,21000,9000,2,knn,2,1
4,2.142829179763794,2.3911531246,21000,9000,2,uniform,2,1
4,14.277928352355957,2.1305303468,21000,9000,2,extrapolated,2,1
4,1.6659750938415527,2.3314545771,21000,9000,2,knn,2,1
5,2.135650396347046,2.3947984953,21000,9000,2,uniform,2,1
5,12.328860759735107,2.1604645005,21000,9000,2,extrapolated,2,1
5,1.6727254390716553,2.3544472737,21000,9000,2,knn,2,1
6,2.1385138034820557,2.4026547534,21000,9000,2,uniform,2,1
6,12.297314643859863,2.1681789047,21000,9000,2,extrapolated,2,1
6,1.6908540725708008,2.3529225019,21000,9000,2,knn,2,1
7,2.1326797008514404,2.3669466332,21000,9000,2,uniform,2,1
7,14.042678833007812,2.1028778833,21000,9000,2,extrapolated,2,1
7,1.6439790725708008,2.3191825283,21000,9000,2,knn,2,1
8,2.1545536518096924,2.3065055374,21000,9000,2,uniform,2,1
8,12.372612476348877,2.1440909797,21000,9000,2,extrapolated,2,1
8,1.6877241134643555,2.2570680884,21000,9000,2,knn,2,1
9,2.145923376083374,2.3396112993,21000,9000,2,uniform,2,1
9,12.35848879814148,2.1544619354,21000,9000,2,extrapolated,2,1
9,1.6928303241729736,2.2839583350,21000,9000,2,knn,2,1
10,2.1524059772491455,2.3225045864,21000,9000,2,uniform,2,1
10,13.936637878417969,2.1325837496,21000,9000,2,extrapolated,2,1
10,1.6822905540466309,2.2837227099,21000,9000,2,knn,2,1
11,2.160842180252075,2.3436987381,21000,9000,2,uniform,2,1
11,12.377269983291626,2.1122687380,21000,9000,2,extrapolated,2,1
11,1.653123378753662,2.2992894585,21000,9000,2,knn,2,1
12,2.1460070610046387,2.4507403962,21000,9000,2,uniform,2,1
12,13.897958040237427,2.2322855174,21000,9000,2,extrapolated,2,1
12,1.6348600387573242,2.3833270740,21000,9000,2,knn,2,1
13,2.1441097259521484,2.3693438032,21000,9000,2,uniform,2,1
13,12.322340965270996,2.1191490303,21000,9000,2,extrapolated,2,1
13,1.6663246154785156,2.3120196493,21000,9000,2,knn,2,1
14,2.142850160598755,2.4285038325,21000,9000,2,uniform,2,1
14,12.596521854400635,2.1967620811,21000,9000,2,extrapolated,2,1
14,1.689439296722412,2.3795191492,21000,9000,2,knn,2,1
15,2.1495168209075928,2.3300926158,21000,9000,2,uniform,2,1
15,12.420689105987549,2.1361136698,21000,9000,2,extrapolated,2,1
15,1.9108185768127441,2.3100123461,21000,9000,2,knn,2,1
16,2.141803026199341,2.2872420501,21000,9000,2,uniform,2,1
16,14.095622301101685,2.0826560468,21000,9000,2,extrapolated,2,1
16,1.6857712268829346,2.2481788439,21000,9000,2,knn,2,1
17,2.1664540767669678,2.3582837539,21000,9000,2,uniform,2,1
17,12.417820453643799,2.1548506987,21000,9000,2,extrapolated,2,1
17,1.6384897232055664,2.3135874185,21000,9000,2,knn,2,1
18,2.1506993770599365,2.3098100869,21000,9000,2,uniform,2,1
18,13.999289512634277,2.1281097402,21000,9000,2,extrapolated,2,1
18,1.6950526237487793,2.2607396975,21000,9000,2,knn,2,1
19,2.1452763080596924,2.3769936002,21000,9000,2,uniform,2,1
19,14.001869916915894,2.1238753953,21000,9000,2,extrapolated,2,1
19,1.631765604019165,2.3269207235,21000,9000,2,knn,2,1
0,0.1629934310913086,590.0816307231,21000,9000,3,uniform,2,1
0,3.427555561065674,584.1713275197,21000,9000,3,extrapolated,2,1
0,0.08017539978027344,538.2884925280,21000,9000,3,knn,2,1
1,0.16446471214294434,575.9537251879,21000,9000,3,uniform,2,1
1,3.591031789779663,571.7212225569,21000,9000,3,extrapolated,2,1
1,0.06522536277770996,507.8366553128,21000,9000,3,knn,2,1
2,0.16324090957641602,544.4229787066,21000,9000,3,uniform,2,1
2,3.334488868713379,542.7703612201,21000,9000,3,extrapolated,2,1
2,0.08205008506774902,504.0115519349,21000,9000,3,knn,2,1
3,0.16251659393310547,597.1250205615,21000,9000,3,uniform,2,1
3,3.4778223037719727,594.5795066872,21000,9000,3,extrapolated,2,1
3,0.08040690422058105,526.3572694737,21000,9000,3,knn,2,1
4,0.16339492797851562,587.9816599239,21000,9000,3,uniform,2,1
4,3.347562074661255,586.4544870607,21000,9000,3,extrapolated,2,1
4,0.06619501113891602,535.2278827623,21000,9000,3,knn,2,1
5,0.1638810634613037,589.0079282210,21000,9000,3,uniform,2,1
5,3.375375986099243,583.0884502996,21000,9000,3,extrapolated,2,1
5,0.06525039672851562,520.3623225993,21000,9000,3,knn,2,1
6,0.16428303718566895,552.1827748001,21000,9000,3,uniform,2,1
6,3.4688854217529297,546.9979953321,21000,9000,3,extrapolated,2,1
6,0.06427621841430664,501.9332321167,21000,9000,3,knn,2,1
7,0.16420865058898926,607.9242420110,21000,9000,3,uniform,2,1
7,3.738832473754883,600.4342470097,21000,9000,3,extrapolated,2,1
7,0.0646522045135498,523.4578816950,21000,9000,3,knn,2,1
8,0.16373443603515625,612.3679367516,21000,9000,3,uniform,2,1
8,3.400127410888672,605.0392988108,21000,9000,3,extrapolated,2,1
8,0.06628108024597168,543.6060714244,21000,9000,3,knn,2,1
9,0.16442394256591797,598.1111232927,21000,9000,3,uniform,2,1
9,3.3797411918640137,589.8503553279,21000,9000,3,extrapolated,2,1
9,0.08802509307861328,538.7673228849,21000,9000,3,knn,2,1
10,0.16365885734558105,563.5280526076,21000,9000,3,uniform,2,1
10,3.5084869861602783,559.9139389833,21000,9000,3,extrapolated,2,1
10,0.06689906120300293,523.4772128676,21000,9000,3,knn,2,1
11,0.16650032997131348,602.8223269146,21000,9000,3,uniform,2,1
11,3.5985589027404785,595.1565964509,21000,9000,3,extrapolated,2,1
11,0.06560969352722168,536.7790187991,21000,9000,3,knn,2,1
12,0.16477608680725098,560.1050105684,21000,9000,3,uniform,2,1
12,3.382996082305908,563.2551248957,21000,9000,3,extrapolated,2,1
12,0.06548452377319336,504.9527427751,21000,9000,3,knn,2,1
13,0.16469955444335938,617.1524825125,21000,9000,3,uniform,2,1
13,3.410440444946289,605.6191585385,21000,9000,3,extrapolated,2,1
13,0.07954049110412598,538.7353302985,21000,9000,3,knn,2,1
14,0.1679387092590332,560.7635553079,21000,9000,3,uniform,2,1
14,3.3737642765045166,558.5126010397,21000,9000,3,extrapolated,2,1
14,0.06426167488098145,499.1863664009,21000,9000,3,knn,2,1
15,0.16289949417114258,544.2077293817,21000,9000,3,uniform,2,1
15,3.700356960296631,541.0846225078,21000,9000,3,extrapolated,2,1
15,0.06672406196594238,493.6894738439,21000,9000,3,knn,2,1
16,0.16568636894226074,583.7197909709,21000,9000,3,uniform,2,1
16,3.423016309738159,576.4757176004,21000,9000,3,extrapolated,2,1
16,0.0840761661529541,523.7240763082,21000,9000,3,knn,2,1
17,0.1631937026977539,575.2608995977,21000,9000,3,uniform,2,1
17,3.408351182937622,573.1932771793,21000,9000,3,extrapolated,2,1
17,0.07939600944519043,523.9908912617,21000,9000,3,knn,2,1
18,0.16413593292236328,613.0180937347,21000,9000,3,uniform,2,1
18,3.387591600418091,608.0048573044,21000,9000,3,extrapolated,2,1
18,0.08188223838806152,525.9042939418,21000,9000,3,knn,2,1
19,0.16591835021972656,549.1510417789,21000,9000,3,uniform,2,1
19,3.4432218074798584,546.6754062470,21000,9000,3,extrapolated,2,1
19,0.06499385833740234,509.6603836290,21000,9000,3,knn,2,1
0,5.785108327865601,0.9914913926,21000,9000,4,uniform,2,1
0,11.40618085861206,0.9914951536,21000,9000,4,extrapolated,2,1
0,1.020646095275879,0.9930199305,21000,9000,4,knn,2,1
1,5.756764888763428,1.0063361642,21000,9000,4,uniform,2,1
1,11.460888385772705,1.0063359158,21000,9000,4,extrapolated,2,1
1,0.993964672088623,1.0090830750,21000,9000,4,knn,2,1
2,5.764864683151245,1.0140729924,21000,9000,4,uniform,2,1
2,11.443933010101318,1.0140707216,21000,9000,4,extrapolated,2,1
2,0.9997889995574951,1.0154010698,21000,9000,4,knn,2,1
3,5.747380256652832,0.9730382855,21000,9000,4,uniform,2,1
3,11.515273094177246,0.9730355888,21000,9000,4,extrapolated,2,1
3,0.9974479675292969,0.9750117017,21000,9000,4,knn,2,1
4,5.744658708572388,1.0040252422,21000,9000,4,uniform,2,1
4,11.420806884765625,1.0040192625,21000,9000,4,extrapolated,2,1
4,0.9986536502838135,1.0057168125,21000,9000,4,knn,2,1
5,5.762731075286865,1.0211162230,21000,9000,4,uniform,2,1
5,11.566888809204102,1.0211252169,21000,9000,4,extrapolated,2,1
5,0.9920878410339355,1.0237587679,21000,9000,4,knn,2,1
6,5.758954763412476,1.0299978028,21000,9000,4,uniform,2,1
6,11.421359300613403,1.0299911601,21000,9000,4,extrapolated,2,1
6,0.9004418849945068,1.0327805848,21000,9000,4,knn,2,1
7,5.745369911193848,1.0336059937,21000,9000,4,uniform,2,1
7,8.002381801605225,1.0336377118,21000,9000,4,extrapolated,2,1
7,0.9853346347808838,1.0347907858,21000,9000,4,knn,2,1
8,5.770201921463013,1.0123134313,21000,9000,4,uniform,2,1
8,11.432088136672974,1.0123279286,21000,9000,4,extrapolated,2,1
8,0.9926178455352783,1.0129482296,21000,9000,4,knn,2,1
9,5.758265495300293,1.0381609239,21000,9000,4,uniform,2,1
9,11.455490350723267,1.0381674145,21000,9000,4,extrapolated,2,1
9,1.0049629211425781,1.0395398360,21000,9000,4,knn,2,1
10,5.775640249252319,1.0153331263,21000,9000,4,uniform,2,1
10,11.44809365272522,1.0153455043,21000,9000,4,extrapolated,2,1
10,0.9940299987792969,1.0167050706,21000,9000,4,knn,2,1
11,5.746219873428345,0.9843759877,21000,9000,4,uniform,2,1
11,11.344496726989746,0.9843756326,21000,9000,4,extrapolated,2,1
11,1.000053882598877,0.9854293617,21000,9000,4,knn,2,1
12,5.767831087112427,0.9970885725,21000,9000,4,uniform,2,1
12,11.426695823669434,0.9970934630,21000,9000,4,extrapolated,2,1
12,1.007197618484497,0.9996687126,21000,9000,4,knn,2,1
13,5.772048234939575,1.0496168455,21000,9000,4,uniform,2,1
13,11.525482177734375,1.0496141752,21000,9000,4,extrapolated,2,1
13,1.0159351825714111,1.0515015784,21000,9000,4,knn,2,1
14,5.781200647354126,1.0047148876,21000,9000,4,uniform,2,1
14,11.434659004211426,1.0047229533,21000,9000,4,extrapolated,2,1
14,0.9845132827758789,1.0056869362,21000,9000,4,knn,2,1
15,5.766679048538208,0.9866730993,21000,9000,4,uniform,2,1
15,11.420931816101074,0.9866868379,21000,9000,4,extrapolated,2,1
15,0.891685962677002,0.9889001213,21000,9000,4,knn,2,1
16,5.772501468658447,1.0067199283,21000,9000,4,uniform,2,1
16,11.51910138130188,1.0067227944,21000,9000,4,extrapolated,2,1
16,1.0099401473999023,1.0086604936,21000,9000,4,knn,2,1
17,5.771223783493042,1.0031864943,21000,9000,4,uniform,2,1
17,11.436766147613525,1.0031820221,21000,9000,4,extrapolated,2,1
17,1.0003738403320312,1.0061828182,21000,9000,4,knn,2,1
18,5.770188808441162,0.9930115518,21000,9000,4,uniform,2,1
18,11.374522686004639,0.9930017755,21000,9000,4,extrapolated,2,1
18,1.0082228183746338,0.9942402258,21000,9000,4,knn,2,1
19,5.769839763641357,1.0186962108,21000,9000,4,uniform,2,1
19,11.416600465774536,1.0186974627,21000,9000,4,extrapolated,2,1
19,0.9962220191955566,1.0204960557,21000,9000,4,knn,2,1
0,0.5072624683380127,1.0071544350,21000,9000,1,uniform,2,2
0,4.781466960906982,1.0071544350,21000,9000,1,extrapolated,2,2
0,0.4379599094390869,1.0069518123,21000,9000,1,knn,2,2
1,0.45447778701782227,1.0009023332,21000,9000,1,uniform,2,2
1,5.024815797805786,1.0009023332,21000,9000,1,extrapolated,2,2
1,0.43658924102783203,1.0010839449,21000,9000,1,knn,2,2
2,0.23387837409973145,1.0220408867,21000,9000,1,uniform,2,2
2,4.617394208908081,1.0220408867,21000,9000,1,extrapolated,2,2
2,0.33667635917663574,1.0217467625,21000,9000,1,knn,2,2
3,0.45510268211364746,0.9984191567,21000,9000,1,uniform,2,2
3,4.851067781448364,0.9984191567,21000,9000,1,extrapolated,2,2
3,0.4452519416809082,0.9990688842,21000,9000,1,knn,2,2
4,0.4551553726196289,0.9700744985,21000,9000,1,uniform,2,2
4,5.232482671737671,0.9700744985,21000,9000,1,extrapolated,2,2
4,0.4397447109222412,0.9705468766,21000,9000,1,knn,2,2
5,0.46088480949401855,1.0167587475,21000,9000,1,uniform,2,2
5,4.807405471801758,1.0167587475,21000,9000,1,extrapolated,2,2
5,0.44069910049438477,1.0170204459,21000,9000,1,knn,2,2
6,0.45439767837524414,0.9901527843,21000,9000,1,uniform,2,2
6,4.869999408721924,0.9901527843,21000,9000,1,extrapolated,2,2
6,0.4414994716644287,0.9911220523,21000,9000,1,knn,2,2
7,0.45925021171569824,0.9947136589,21000,9000,1,uniform,2,2
7,4.889161109924316,0.9947136589,21000,9000,1,extrapolated,2,2
7,0.3347618579864502,0.9941040820,21000,9000,1,knn,2,2
8,0.454561710357666,1.0069253770,21000,9000,1,uniform,2,2
8,4.814561605453491,1.0069253770,21000,9000,1,extrapolated,2,2
8,0.43918919563293457,1.0072521464,21000,9000,1,knn,2,2
9,0.23395800590515137,1.0025225816,21000,9000,1,uniform,2,2
9,4.65139627456665,1.0025225816,21000,9000,1,extrapolated,2,2
9,0.3387026786804199,1.0019411356,21000,9000,1,knn,2,2
10,0.46017932891845703,1.0267689698,21000,9000,1,uniform,2,2
10,5.339306116104126,1.0267689698,21000,9000,1,extrapolated,2,2
10,0.4399757385253906,1.0269926601,21000,9000,1,knn,2,2
11,0.4535486698150635,1.0181590583,21000,9000,1,uniform,2,2
11,4.862855434417725,1.0181590583,21000,9000,1,extrapolated,2,2
11,0.38408517837524414,1.0186639256,21000,9000,1,knn,2,2
12,0.16077017784118652,1.0069529144,21000,9000,1,uniform,2,2
12,4.468008279800415,1.0069529144,21000,9000,1,extrapolated,2,2
12,0.2694864273071289,1.0054425485,21000,9000,1,knn,2,2
13,0.44876933097839355,1.0044066370,21000,9000,1,uniform,2,2
13,4.830069065093994,1.0044066370,21000,9000,1,extrapolated,2,2
13,0.4303245544433594,1.0047248371,21000,9000,1,knn,2,2
14,0.45413851737976074,1.0041301186,21000,9000,1,uniform,2,2
14,4.8585205078125,1.0041301186,21000,9000,1,extrapolated,2,2
14,0.43979954719543457,1.0041384760,21000,9000,1,knn,2,2
15,0.4541292190551758,1.0018954868,21000,9000,1,uniform,2,2
15,4.809375286102295,1.0018954868,21000,9000,1,extrapolated,2,2
15,0.4366130828857422,1.0017029596,21000,9000,1,knn,2,2
16,0.45465993881225586,0.9891637017,21000,9000,1,uniform,2,2
16,4.829089641571045,0.9891637017,21000,9000,1,extrapolated,2,2
16,0.4432516098022461,0.9897697608,21000,9000,1,knn,2,2
17,0.45323991775512695,0.9954838042,21000,9000,1,uniform,2,2
17,4.894806385040283,0.9954838042,21000,9000,1,extrapolated,2,2
17,0.44201183319091797,0.9969435116,21000,9000,1,knn,2,2
18,0.45442891120910645,1.0000437736,21000,9000,1,uniform,2,2
18,5.040395259857178,1.0000437736,21000,9000,1,extrapolated,2,2
18,0.3838813304901123,1.0008288248,21000,9000,1,knn,2,2
19,0.4541473388671875,0.9884038785,21000,9000,1,uniform,2,2
19,4.8131797313690186,0.9884038785,21000,9000,1,extrapolated,2,2
19,0.38750290870666504,0.9888080671,21000,9000,1,knn,2,2
0,2.3977115154266357,2.3789318373,21000,9000,2,uniform,2,2
0,13.938153266906738,2.0967507470,21000,9000,2,extrapolated,2,2
0,1.648571491241455,2.2596243541,21000,9000,2,knn,2,2
1,2.4027764797210693,2.4373617692,21000,9000,2,uniform,2,2
1,13.651569604873657,2.1636847676,21000,9000,2,extrapolated,2,2
1,1.6799097061157227,2.2829547347,21000,9000,2,knn,2,2
2,2.39919114112854,2.4237594641,21000,9000,2,uniform,2,2
2,14.10492753982544,2.0302358194,21000,9000,2,extrapolated,2,2
2,1.6790995597839355,2.3018163917,21000,9000,2,knn,2,2
3,2.3982582092285156,2.5349631283,21000,9000,2,uniform,2,2
3,13.686736106872559,2.1771666777,21000,9000,2,extrapolated,2,2
3,1.6327879428863525,2.3933597254,21000,9000,2,knn,2,2
4,2.4001049995422363,2.4743475984,21000,9000,2,uniform,2,2
4,13.546759605407715,2.0894767683,21000,9000,2,extrapolated,2,2
4,1.6936585903167725,2.3314545771,21000,9000,2,knn,2,2
5,2.3986001014709473,2.4774678358,21000,9000,2,uniform,2,2
5,13.589852809906006,2.0791201251,21000,9000,2,extrapolated,2,2
5,1.6825931072235107,2.3544472737,21000,9000,2,knn,2,2
6,2.4017131328582764,2.4708684270,21000,9000,2,uniform,2,2
6,13.744469404220581,2.1163391600,21000,9000,2,extrapolated,2,2
6,1.632084846496582,2.3529225019,21000,9000,2,knn,2,2
7,2.399190664291382,2.4095460466,21000,9000,2,uniform,2,2
7,13.568973064422607,2.1462387197,21000,9000,2,extrapolated,2,2
7,1.621251106262207,2.3191825283,21000,9000,2,knn,2,2
8,2.409311294555664,2.4104334101,21000,9000,2,uniform,2,2
8,13.71826720237732,2.1089008985,21000,9000,2,extrapolated,2,2
8,1.6977689266204834,2.2570680884,21000,9000,2,knn,2,2
9,2.4044699668884277,2.4251808189,21000,9000,2,uniform,2,2
9,13.66777753829956,2.1016238475,21000,9000,2,extrapolated,2,2
9,1.688593864440918,2.2839583350,21000,9000,2,knn,2,2
10,2.40844988822937,2.3855810048,21000,9000,2,uniform,2,2
10,13.754088640213013,2.1678786643,21000,9000,2,extrapolated,2,2
10,1.6578505039215088,2.2837227099,21000,9000,2,knn,2,2
11,2.406686305999756,2.4227361955,21000,9000,2,uniform,2,2
11,13.714761734008789,2.1177469907,21000,9000,2,extrapolated,2,2
11,1.681321620941162,2.2992894585,21000,9000,2,knn,2,2
12,2.4603445529937744,2.5358173493,21000,9000,2,uniform,2,2
12,13.787917852401733,2.2815698329,21000,9000,2,extrapolated,2,2
12,1.654419183731079,2.3833270740,21000,9000,2,knn,2,2
13,2.400662660598755,2.4481030828,21000,9000,2,uniform,2,2
13,13.664945840835571,2.0896362988,21000,9000,2,extrapolated,2,2
13,1.68198823928833,2.3120196493,21000,9000,2,knn,2,2
14,2.4011311531066895,2.5068799713,21000,9000,2,uniform,2,2
14,13.701269626617432,2.1833002963,21000,9000,2,extrapolated,2,2
14,1.6879212856292725,2.3795191492,21000,9000,2,knn,2,2
15,2.4103174209594727,2.4118275220,21000,9000,2,uniform,2,2
15,13.665160655975342,2.0866218509,21000,9000,2,extrapolated,2,2
15,1.9035382270812988,2.3100123461,21000,9000,2,knn,2,2
16,2.4024882316589355,2.3786628331,21000,9000,2,uniform,2,2
16,13.705437898635864,2.0425063464,21000,9000,2,extrapolated,2,2
16,1.688680648803711,2.2481788439,21000,9000,2,knn,2,2
17,2.4068100452423096,2.4236090311,21000,9000,2,uniform,2,2
17,13.646501064300537,2.0929628818,21000,9000,2,extrapolated,2,2
17,1.6565210819244385,2.3135874185,21000,9000,2,knn,2,2
18,2.4207260608673096,2.3964307929,21000,9000,2,uniform,2,2
18,14.155180215835571,2.1683369193,21000,9000,2,extrapolated,2,2
18,1.657151222229004,2.2607396975,21000,9000,2,knn,2,2
19,2.403445243835449,2.4450631039,21000,9000,2,uniform,2,2
19,14.06983757019043,2.1609804871,21000,9000,2,extrapolated,2,2
19,1.6740789413452148,2.3269207235,21000,9000,2,knn,2,2
0,0.23224496841430664,659.7409537459,21000,9000,3,uniform,2,2
0,5.312880754470825,646.2419998914,21000,9000,3,extrapolated,2,2
0,0.08160805702209473,538.2884925280,21000,9000,3,knn,2,2
1,0.23315072059631348,664.5790664314,21000,9000,3,uniform,2,2
1,4.892838954925537,650.6881327471,21000,9000,3,extrapolated,2,2
1,0.06745386123657227,507.8366553128,21000,9000,3,knn,2,2
2,0.2268962860107422,625.7191505849,21000,9000,3,uniform,2,2
2,4.883349418640137,619.3055755158,21000,9000,3,extrapolated,2,2
2,0.08016753196716309,504.0115519349,21000,9000,3,knn,2,2
3,0.2282092571258545,688.9593806716,21000,9000,3,uniform,2,2
3,5.353980541229248,683.4604505299,21000,9000,3,extrapolated,2,2
3,0.07931733131408691,526.3572694737,21000,9000,3,knn,2,2
4,0.22768902778625488,669.7536431786,21000,9000,3,uniform,2,2
4,4.92065691947937,661.7099647098,21000,9000,3,extrapolated,2,2
4,0.06658363342285156,535.2278827623,21000,9000,3,knn,2,2
5,0.22960400581359863,687.4989975144,21000,9000,3,uniform,2,2
5,5.366072177886963,676.5145643456,21000,9000,3,extrapolated,2,2
5,0.06604576110839844,520.3623225993,21000,9000,3,knn,2,2
6,0.22841739654541016,638.1696188042,21000,9000,3,uniform,2,2
6,4.954510688781738,623.0170427598,21000,9000,3,extrapolated,2,2
6,0.06616711616516113,501.9332321167,21000,9000,3,knn,2,2
7,0.2284691333770752,688.8227022994,21000,9000,3,uniform,2,2
7,4.826620817184448,680.1644323796,21000,9000,3,extrapolated,2,2
7,0.0657496452331543,523.4578816950,21000,9000,3,knn,2,2
8,0.22910141944885254,716.0265620184,21000,9000,3,uniform,2,2
8,4.917263984680176,701.2270684514,21000,9000,3,extrapolated,2,2
8,0.06936311721801758,543.6060714244,21000,9000,3,knn,2,2
9,0.22885727882385254,698.3958811124,21000,9000,3,uniform,2,2
9,4.880919933319092,688.7528323553,21000,9000,3,extrapolated,2,2
9,0.07150816917419434,538.7673228849,21000,9000,3,knn,2,2
10,0.22934603691101074,649.3465496711,21000,9000,3,uniform,2,2
10,5.128480434417725,644.5603155903,21000,9000,3,extrapolated,2,2
10,0.0666341781616211,523.4772128676,21000,9000,3,knn,2,2
11,0.22766923904418945,709.4640616057,21000,9000,3,uniform,2,2
11,4.890227794647217,696.2641133638,21000,9000,3,extrapolated,2,2
11,0.06465768814086914,536.7790187991,21000,9000,3,knn,2,2
12,0.22997760772705078,621.0585981888,21000,9000,3,uniform,2,2
12,4.875356674194336,612.6309018444,21000,9000,3,extrapolated,2,2
12,0.06587791442871094,504.9527427751,21000,9000,3,knn,2,2
13,0.22969865798950195,700.4888292976,21000,9000,3,uniform,2,2
13,5.0982279777526855,688.9331701183,21000,9000,3,extrapolated,2,2
13,0.08244729042053223,538.7353302985,21000,9000,3,knn,2,2
14,0.22620534896850586,650.6527385315,21000,9000,3,uniform,2,2
14,5.0582263469696045,642.8169909667,21000,9000,3,extrapolated,2,2
14,0.06472420692443848,499.1863664009,21000,9000,3,knn,2,2
15,0.22838521003723145,627.3921498262,21000,9000,3,uniform,2,2
15,4.885864734649658,622.0631553563,21000,9000,3,extrapolated,2,2
15,0.06900882720947266,493.6894738439,21000,9000,3,knn,2,2
16,0.23058080673217773,679.6858947753,21000,9000,3,uniform,2,2
16,4.877735137939453,663.4855271716,21000,9000,3,extrapolated,2,2
16,0.08118200302124023,523.7240763082,21000,9000,3,knn,2,2
17,0.2296590805053711,673.4386572481,21000,9000,3,uniform,2,2
17,4.898123264312744,666.3810986505,21000,9000,3,extrapolated,2,2
17,0.08022832870483398,523.9908912617,21000,9000,3,knn,2,2
18,0.22804522514343262,699.0505209283,21000,9000,3,uniform,2,2
18,5.049219131469727,691.1745809614,21000,9000,3,extrapolated,2,2
18,0.08224916458129883,525.9042939418,21000,9000,3,knn,2,2
19,0.22789502143859863,624.6362341886,21000,9000,3,uniform,2,2
19,4.8476035594940186,615.1239193997,21000,9000,3,extrapolated,2,2
19,0.06606006622314453,509.6603836290,21000,9000,3,knn,2,2
0,8.102686166763306,0.9913091982,21000,9000,4,uniform,2,2
0,15.470149278640747,0.9913075420,21000,9000,4,extrapolated,2,2
0,1.012554407119751,0.9930199305,21000,9000,4,knn,2,2
1,8.121291637420654,1.0063853830,21000,9000,4,uniform,2,2
1,15.348754644393921,1.0063855044,21000,9000,4,extrapolated,2,2
1,1.0004003047943115,1.0090830750,21000,9000,4,knn,2,2
2,8.106153726577759,1.0138539543,21000,9000,4,uniform,2,2
2,15.470062494277954,1.0138566773,21000,9000,4,extrapolated,2,2
2,0.9903080463409424,1.0154010698,21000,9000,4,knn,2,2
3,8.069902896881104,0.9724220809,21000,9000,4,uniform,2,2
3,15.791032314300537,0.9724144894,21000,9000,4,extrapolated,2,2
3,1.0050194263458252,0.9750117017,21000,9000,4,knn,2,2
4,8.11237359046936,1.0041104530,21000,9000,4,uniform,2,2
4,15.338456630706787,1.0041153125,21000,9000,4,extrapolated,2,2
4,0.9848332405090332,1.0057168125,21000,9000,4,knn,2,2
5,8.104081392288208,1.0211467219,21000,9000,4,uniform,2,2
5,15.507792711257935,1.0211467118,21000,9000,4,extrapolated,2,2
5,1.0059082508087158,1.0237587679,21000,9000,4,knn,2,2
6,8.08834981918335,1.0297991583,21000,9000,4,uniform,2,2
6,15.411895513534546,1.0298040709,21000,9000,4,extrapolated,2,2
6,0.8913018703460693,1.0327805848,21000,9000,4,knn,2,2
7,4.281033754348755,1.0335319990,21000,9000,4,uniform,2,2
7,10.790220975875854,1.0335447271,21000,9000,4,extrapolated,2,2
7,0.991055965423584,1.0347907858,21000,9000,4,knn,2,2
8,8.111608982086182,1.0121513525,21000,9000,4,uniform,2,2
8,15.456634998321533,1.0121497546,21000,9000,4,extrapolated,2,2
8,1.0053045749664307,1.0129482296,21000,9000,4,knn,2,2
9,8.09374737739563,1.0375309160,21000,9000,4,uniform,2,2
9,15.350735664367676,1.0375372616,21000,9000,4,extrapolated,2,2
9,0.9977848529815674,1.0395398360,21000,9000,4,knn,2,2
10,8.07420015335083,1.0154356439,21000,9000,4,uniform,2,2
10,15.37233281135559,1.0154342830,21000,9000,4,extrapolated,2,2
10,1.0133233070373535,1.0167050706,21000,9000,4,knn,2,2
11,8.114153623580933,0.9845420810,21000,9000,4,uniform,2,2
11,15.391086101531982,0.9845359521,21000,9000,4,extrapolated,2,2
11,1.0043163299560547,0.9854293617,21000,9000,4,knn,2,2
12,8.138091802597046,0.9971682595,21000,9000,4,uniform,2,2
12,15.515235662460327,0.9971674856,21000,9000,4,extrapolated,2,2
12,0.9941043853759766,0.9996687126,21000,9000,4,knn,2,2
13,8.060470581054688,1.0500018827,21000,9000,4,uniform,2,2
13,15.527585744857788,1.0500011949,21000,9000,4,extrapolated,2,2
13,1.0176160335540771,1.0515015784,21000,9000,4,knn,2,2
14,8.087721824645996,1.0044676755,21000,9000,4,uniform,2,2
14,15.933011293411255,1.0044607175,21000,9000,4,extrapolated,2,2
14,1.0005266666412354,1.0056869362,21000,9000,4,knn,2,2
15,4.318181037902832,0.9865154345,21000,9000,4,uniform,2,2
15,10.90663456916809,0.9865173108,21000,9000,4,extrapolated,2,2
15,0.8978674411773682,0.9889001213,21000,9000,4,knn,2,2
16,8.115611791610718,1.0068351054,21000,9000,4,uniform,2,2
16,15.374261856079102,1.0068289716,21000,9000,4,extrapolated,2,2
16,1.0013442039489746,1.0086604936,21000,9000,4,knn,2,2
17,8.074712991714478,1.0028319860,21000,9000,4,uniform,2,2
17,15.867772340774536,1.0028300778,21000,9000,4,extrapolated,2,2
17,1.0038154125213623,1.0061828182,21000,9000,4,knn,2,2
18,8.12940263748169,0.9929854456,21000,9000,4,uniform,2,2
18,15.356142044067383,0.9929797312,21000,9000,4,extrapolated,2,2
18,1.0019030570983887,0.9942402258,21000,9000,4,knn,2,2
19,8.15666127204895,1.0181325445,21000,9000,4,uniform,2,2
19,15.424199342727661,1.0181322012,21000,9000,4,extrapolated,2,2
19,0.9989395141601562,1.0204960557,21000,9000,4,knn,2,2
0,0.3136427402496338,1.0069539503,21000,9000,1,uniform,4,1
0,6.047598123550415,1.0069539503,21000,9000,1,extrapolated,4,1
0,0.4427814483642578,1.0069518123,21000,9000,1,knn,4,1
1,0.32706356048583984,1.0012995994,21000,9000,1,uniform,4,1
1,6.035290956497192,1.0012995994,21000,9000,1,extrapolated,4,1
1,0.4419705867767334,1.0010839449,21000,9000,1,knn,4,1
2,0.31291627883911133,1.0212390668,21000,9000,1,uniform,4,1
2,6.047004222869873,1.0212390668,21000,9000,1,extrapolated,4,1
2,0.3494148254394531,1.0217467625,21000,9000,1,knn,4,1
3,0.31353187561035156,0.9988214256,21000,9000,1,uniform,4,1
3,6.115638732910156,0.9988214256,21000,9000,1,extrapolated,4,1
3,0.44240665435791016,0.9990688842,21000,9000,1,knn,4,1
4,0.3115091323852539,0.9702765065,21000,9000,1,uniform,4,1
4,6.085477352142334,0.9702765065,21000,9000,1,extrapolated,4,1
4,0.43980956077575684,0.9705468766,21000,9000,1,knn,4,1
5,0.3092536926269531,1.0173387733,21000,9000,1,uniform,4,1
5,6.2756242752075195,1.0173387733,21000,9000,1,extrapolated,4,1
5,0.4404909610748291,1.0170204459,21000,9000,1,knn,4,1
6,0.3102457523345947,0.9918466249,21000,9000,1,uniform,4,1
6,6.764976263046265,0.9918466249,21000,9000,1,extrapolated,4,1
6,0.44088220596313477,0.9911220523,21000,9000,1,knn,4,1
7,0.31086134910583496,0.9940223547,21000,9000,1,uniform,4,1
7,6.171231508255005,0.9940223547,21000,9000,1,extrapolated,4,1
7,0.3384542465209961,0.9941040820,21000,9000,1,knn,4,1
8,0.5899081230163574,1.0078245971,21000,9000,1,uniform,4,1
8,6.436025142669678,1.0078245971,21000,9000,1,extrapolated,4,1
8,0.43945884704589844,1.0072521464,21000,9000,1,knn,4,1
9,0.33620786666870117,1.0011252892,21000,9000,1,uniform,4,1
9,6.00487756729126,1.0011252892,21000,9000,1,extrapolated,4,1
9,0.33539795875549316,1.0019411356,21000,9000,1,knn,4,1
10,0.5882339477539062,1.0264217842,21000,9000,1,uniform,4,1
10,6.526309251785278,1.0264217842,21000,9000,1,extrapolated,4,1
10,0.438875675201416,1.0269926601,21000,9000,1,knn,4,1
11,0.3115122318267822,1.0185098534,21000,9000,1,uniform,4,1
11,6.267780065536499,1.0185098534,21000,9000,1,extrapolated,4,1
11,0.387221097946167,1.0186639256,21000,9000,1,knn,4,1
12,0.31064391136169434,1.0039871323,21000,9000,1,uniform,4,1
12,6.221220970153809,1.0039871323,21000,9000,1,extrapolated,4,1
12,0.22977852821350098,1.0054425485,21000,9000,1,knn,4,1
13,0.3072364330291748,1.0045507502,21000,9000,1,uniform,4,1
13,6.319386005401611,1.0045507502,21000,9000,1,extrapolated,4,1
13,0.4306042194366455,1.0047248371,21000,9000,1,knn,4,1
14,0.30922436714172363,1.0039650048,21000,9000,1,uniform,4,1
14,6.052170753479004,1.0039650048,21000,9000,1,extrapolated,4,1
14,0.44399237632751465,1.0041384760,21000,9000,1,knn,4,1
15,0.31050896644592285,1.0010599466,21000,9000,1,uniform,4,1
15,6.045881509780884,1.0010599466,21000,9000,1,extrapolated,4,1
15,0.44370508193969727,1.0017029596,21000,9000,1,knn,4,1
16,0.3101077079772949,0.9903627822,21000,9000,1,uniform,4,1
16,5.996011734008789,0.9903627822,21000,9000,1,extrapolated,4,1
16,0.43977952003479004,0.9897697608,21000,9000,1,knn,4,1
17,0.31866002082824707,0.9967094796,21000,9000,1,uniform,4,1
17,6.269940137863159,0.9967094796,21000,9000,1,extrapolated,4,1
17,0.4464573860168457,0.9969435116,21000,9000,1,knn,4,1
18,0.31029391288757324,1.0006064100,21000,9000,1,uniform,4,1
18,6.0229105949401855,1.0006064100,21000,9000,1,extrapolated,4,1
18,0.3858938217163086,1.0008288248,21000,9000,1,knn,4,1
19,0.3103139400482178,0.9886863002,21000,9000,1,uniform,4,1
19,6.106352090835571,0.9886863002,21000,9000,1,extrapolated,4,1
19,0.38990163803100586,0.9888080671,21000,9000,1,knn,4,1
0,2.7935454845428467,2.4607040722,21000,9000,2,uniform,4,1
0,15.909459114074707,2.0565886479,21000,9000,2,extrapolated,4,1
0,1.6799519062042236,2.2596243541,21000,9000,2,knn,4,1
1,2.7918343544006348,2.5143406813,21000,9000,2,uniform,4,1
1,15.956743478775024,2.1371174686,21000,9000,2,extrapolated,4,1
1,1.6841444969177246,2.2829547347,21000,9000,2,knn,4,1
2,2.8023366928100586,2.5086359953,21000,9000,2,uniform,4,1
2,15.865044355392456,2.0543073147,21000,9000,2,extrapolated,4,1
2,1.674351692199707,2.3018163917,21000,9000,2,knn,4,1
3,2.7904720306396484,2.6146922510,21000,9000,2,uniform,4,1
3,15.872624397277832,2.1646044420,21000,9000,2,extrapolated,4,1
3,1.6296422481536865,2.3933597254,21000,9000,2,knn,4,1
4,2.7897496223449707,2.5547846031,21000,9000,2,uniform,4,1
4,15.892483234405518,2.0958429847,21000,9000,2,extrapolated,4,1
4,1.6258785724639893,2.3314545771,21000,9000,2,knn,4,1
5,2.7875802516937256,2.5668943107,21000,9000,2,uniform,4,1
5,15.936851024627686,2.1022581008,21000,9000,2,extrapolated,4,1
5,1.6677157878875732,2.3544472737,21000,9000,2,knn,4,1
6,2.7914230823516846,2.5518524159,21000,9000,2,uniform,4,1
6,16.070818185806274,2.1103209519,21000,9000,2,extrapolated,4,1
6,1.6556897163391113,2.3529225019,21000,9000,2,knn,4,1
7,2.7874579429626465,2.4984776950,21000,9000,2,uniform,4,1
7,15.997641563415527,2.0706443298,21000,9000,2,extrapolated,4,1
7,1.6672406196594238,2.3191825283,21000,9000,2,knn,4,1
8,2.8014490604400635,2.4914269925,21000,9000,2,uniform,4,1
8,16.60848045349121,2.1016206395,21000,9000,2,extrapolated,4,1
8,1.6966443061828613,2.2570680884,21000,9000,2,knn,4,1
9,2.798875093460083,2.5038740747,21000,9000,2,uniform,4,1
9,16.053478240966797,2.0944086017,21000,9000,2,extrapolated,4,1
9,1.691460132598877,2.2839583350,21000,9000,2,knn,4,1
10,2.789667844772339,2.4567487686,21000,9000,2,uniform,4,1
10,16.638012409210205,2.1078158699,21000,9000,2,extrapolated,4,1
10,1.6917366981506348,2.2837227099,21000,9000,2,knn,4,1
11,2.794738531112671,2.4920660811,21000,9000,2,uniform,4,1
11,16.561755418777466,2.0905803820,21000,9000,2,extrapolated,4,1
11,1.6616458892822266,2.2992894585,21000,9000,2,knn,4,1
12,2.7916672229766846,2.6176296121,21000,9000,2,uniform,4,1
12,16.662542581558228,2.1882278201,21000,9000,2,extrapolated,4,1
12,1.6542353630065918,2.3833270740,21000,9000,2,knn,4,1
13,2.792712688446045,2.5229033203,21000,9000,2,uniform,4,1
13,16.031413316726685,2.0491332011,21000,9000,2,extrapolated,4,1
13,1.6782824993133545,2.3120196493,21000,9000,2,knn,4,1
14,2.793423652648926,2.5904396165,21000,9000,2,uniform,4,1
14,15.93814468383789,2.1666886533,21000,9000,2,extrapolated,4,1
14,1.6899430751800537,2.3795191492,21000,9000,2,knn,4,1
15,2.7963497638702393,2.4840168006,21000,9000,2,uniform,4,1
15,15.956671714782715,2.0859786713,21000,9000,2,extrapolated,4,1
15,1.8932137489318848,2.3100123461,21000,9000,2,knn,4,1
16,2.7878780364990234,2.4525485936,21000,9000,2,uniform,4,1
16,16.245618104934692,2.0448104479,21000,9000,2,extrapolated,4,1
16,1.704554557800293,2.2481788439,21000,9000,2,knn,4,1
17,2.7976090908050537,2.5031781454,21000,9000,2,uniform,4,1
17,15.956318378448486,2.0632977193,21000,9000,2,extrapolated,4,1
17,1.6837832927703857,2.3135874185,21000,9000,2,knn,4,1
18,2.8099746704101562,2.4626424330,21000,9000,2,uniform,4,1
18,16.436257123947144,2.0924604218,21000,9000,2,extrapolated,4,1
18,1.682555913925171,2.2607396975,21000,9000,2,knn,4,1
19,2.789144992828369,2.5366868032,21000,9000,2,uniform,4,1
19,16.571334838867188,2.0966205040,21000,9000,2,extrapolated,4,1
19,1.6407253742218018,2.3269207235,21000,9000,2,knn,4,1
0,0.2798960208892822,768.8422893425,21000,9000,3,uniform,4,1
0,7.037099361419678,752.8213456051,21000,9000,3,extrapolated,4,1
0,0.08067846298217773,538.2884925280,21000,9000,3,knn,4,1
1,0.27900004386901855,754.4145057360,21000,9000,3,uniform,4,1
1,6.799523591995239,738.2351755333,21000,9000,3,extrapolated,4,1
1,0.06507396697998047,507.8366553128,21000,9000,3,knn,4,1
2,0.27962779998779297,708.6960075944,21000,9000,3,uniform,4,1
2,6.6071250438690186,697.7154649972,21000,9000,3,extrapolated,4,1
2,0.08000516891479492,504.0115519349,21000,9000,3,knn,4,1
3,0.2791917324066162,782.6317761214,21000,9000,3,uniform,4,1
3,6.353536367416382,770.4424925830,21000,9000,3,extrapolated,4,1
3,0.07913661003112793,526.3572694737,21000,9000,3,knn,4,1
4,0.27886056900024414,756.3120198330,21000,9000,3,uniform,4,1
4,6.823322057723999,739.3024615498,21000,9000,3,extrapolated,4,1
4,0.06501269340515137,535.2278827623,21000,9000,3,knn,4,1
5,0.28350329399108887,796.3232221324,21000,9000,3,uniform,4,1
5,6.456312417984009,779.4234552647,21000,9000,3,extrapolated,4,1
5,0.06548047065734863,520.3623225993,21000,9000,3,knn,4,1
6,0.2826201915740967,739.7443703864,21000,9000,3,uniform,4,1
6,7.0430686473846436,723.9639375228,21000,9000,3,extrapolated,4,1
6,0.06617307662963867,501.9332321167,21000,9000,3,knn,4,1
7,0.27896881103515625,799.8111443057,21000,9000,3,uniform,4,1
7,6.859362840652466,784.9238803930,21000,9000,3,extrapolated,4,1
7,0.06854081153869629,523.4578816950,21000,9000,3,knn,4,1
8,0.28060173988342285,830.2158167718,21000,9000,3,uniform,4,1
8,6.419262170791626,814.5415235443,21000,9000,3,extrapolated,4,1
8,0.06732654571533203,543.6060714244,21000,9000,3,knn,4,1
9,0.27889537811279297,793.0024778395,21000,9000,3,uniform,4,1
9,6.40973687171936,774.2231510735,21000,9000,3,extrapolated,4,1
9,0.07055044174194336,538.7673228849,21000,9000,3,knn,4,1
10,0.2812929153442383,749.7641109448,21000,9000,3,uniform,4,1
10,6.431212425231934,738.7582384533,21000,9000,3,extrapolated,4,1
10,0.06587958335876465,523.4772128676,21000,9000,3,knn,4,1
11,0.27852582931518555,799.2174225137,21000,9000,3,uniform,4,1
11,6.414884567260742,785.1748079485,21000,9000,3,extrapolated,4,1
11,0.06842255592346191,536.7790187991,21000,9000,3,knn,4,1
12,0.28119444847106934,717.7048110167,21000,9000,3,uniform,4,1
12,6.4529664516448975,703.4771488273,21000,9000,3,extrapolated,4,1
12,0.06642293930053711,504.9527427751,21000,9000,3,knn,4,1
13,0.2810676097869873,807.4013648813,21000,9000,3,uniform,4,1
13,6.4089884757995605,790.5829399921,21000,9000,3,extrapolated,4,1
13,0.08472871780395508,538.7353302985,21000,9000,3,knn,4,1
14,0.2764906883239746,752.2992622822,21000,9000,3,uniform,4,1
14,6.619241237640381,739.8531276324,21000,9000,3,extrapolated,4,1
14,0.0649404525756836,499.1863664009,21000,9000,3,knn,4,1
15,0.2790679931640625,738.0685451765,21000,9000,3,uniform,4,1
15,6.394936561584473,721.4969798593,21000,9000,3,extrapolated,4,1
15,0.06722426414489746,493.6894738439,21000,9000,3,knn,4,1
16,0.2824227809906006,768.7890863255,21000,9000,3,uniform,4,1
16,6.408446311950684,751.3135807153,21000,9000,3,extrapolated,4,1
16,0.0846409797668457,523.7240763082,21000,9000,3,knn,4,1
17,0.2793467044830322,747.8487649681,21000,9000,3,uniform,4,1
17,6.523406744003296,728.3357376523,21000,9000,3,extrapolated,4,1
17,0.08109784126281738,523.9908912617,21000,9000,3,knn,4,1
18,0.27902650833129883,805.6894002176,21000,9000,3,uniform,4,1
18,6.417814254760742,790.7659243973,21000,9000,3,extrapolated,4,1
18,0.08448958396911621,525.9042939418,21000,9000,3,knn,4,1
19,0.2780885696411133,708.4234194755,21000,9000,3,uniform,4,1
19,7.331584692001343,758.0354791560,21000,9000,3,extrapolated,4,1
19,0.06590127944946289,509.6603836290,21000,9000,3,knn,4,1
0,10.202744007110596,0.9913234723,21000,9000,4,uniform,4,1
0,19.69161343574524,0.9913208326,21000,9000,4,extrapolated,4,1
0,1.0703871250152588,0.9930199305,21000,9000,4,knn,4,1
1,10.113691568374634,1.0063754671,21000,9000,4,uniform,4,1
1,19.716580152511597,1.0063829928,21000,9000,4,extrapolated,4,1
1,1.012044906616211,1.0090830750,21000,9000,4,knn,4,1
2,10.153426885604858,1.0136807371,21000,9000,4,uniform,4,1
2,19.60733437538147,1.0136812387,21000,9000,4,extrapolated,4,1
2,0.9903519153594971,1.0154010698,21000,9000,4,knn,4,1
3,10.097303628921509,0.9722411917,21000,9000,4,uniform,4,1
3,19.543505668640137,0.9722425488,21000,9000,4,extrapolated,4,1
3,1.0312576293945312,0.9750117017,21000,9000,4,knn,4,1
4,5.506735324859619,1.0040731572,21000,9000,4,uniform,4,1
4,14.257406949996948,1.0040634587,21000,9000,4,extrapolated,4,1
4,0.9902589321136475,1.0057168125,21000,9000,4,knn,4,1
5,5.518415212631226,1.0210867149,21000,9000,4,uniform,4,1
5,14.792699575424194,1.0210978138,21000,9000,4,extrapolated,4,1
5,1.002605676651001,1.0237587679,21000,9000,4,knn,4,1
6,10.09274935722351,1.0298300227,21000,9000,4,uniform,4,1
6,19.720188856124878,1.0298327848,21000,9000,4,extrapolated,4,1
6,0.8905715942382812,1.0327805848,21000,9000,4,knn,4,1
7,10.146170854568481,1.0334143008,21000,9000,4,uniform,4,1
7,19.60810875892639,1.0334068246,21000,9000,4,extrapolated,4,1
7,1.0002200603485107,1.0347907858,21000,9000,4,knn,4,1
8,10.125240087509155,1.0120932186,21000,9000,4,uniform,4,1
8,19.6400146484375,1.0120880108,21000,9000,4,extrapolated,4,1
8,0.9974091053009033,1.0129482296,21000,9000,4,knn,4,1
9,10.132100105285645,1.0375098308,21000,9000,4,uniform,4,1
9,19.65254497528076,1.0375168274,21000,9000,4,extrapolated,4,1
9,0.9933528900146484,1.0395398360,21000,9000,4,knn,4,1
10,10.11581039428711,1.0151466591,21000,9000,4,uniform,4,1
10,19.553062438964844,1.0151513276,21000,9000,4,extrapolated,4,1
10,1.003314733505249,1.0167050706,21000,9000,4,knn,4,1
11,10.06945013999939,0.9847844919,21000,9000,4,uniform,4,1
11,19.62128782272339,0.9847845324,21000,9000,4,extrapolated,4,1
11,1.0236270427703857,0.9854293617,21000,9000,4,knn,4,1
12,10.105411052703857,0.9973128153,21000,9000,4,uniform,4,1
12,19.65278720855713,0.9973083360,21000,9000,4,extrapolated,4,1
12,0.9995424747467041,0.9996687126,21000,9000,4,knn,4,1
13,5.54585599899292,1.0496701381,21000,9000,4,uniform,4,1
13,14.277702331542969,1.0496845572,21000,9000,4,extrapolated,4,1
13,0.9972243309020996,1.0515015784,21000,9000,4,knn,4,1
14,10.110544443130493,1.0043402737,21000,9000,4,uniform,4,1
14,19.709686040878296,1.0043453803,21000,9000,4,extrapolated,4,1
14,0.9979255199432373,1.0056869362,21000,9000,4,knn,4,1
15,0.933990478515625,0.9887009241,21000,9000,4,uniform,4,1
15,7.654487609863281,0.9887076711,21000,9000,4,extrapolated,4,1
15,0.905472993850708,0.9889001213,21000,9000,4,knn,4,1
16,5.521063804626465,1.0066831579,21000,9000,4,uniform,4,1
16,14.28185510635376,1.0066930698,21000,9000,4,extrapolated,4,1
16,1.00416898727417,1.0086604936,21000,9000,4,knn,4,1
17,10.124231815338135,1.0026167314,21000,9000,4,uniform,4,1
17,19.748241186141968,1.0026136533,21000,9000,4,extrapolated,4,1
17,1.0138039588928223,1.0061828182,21000,9000,4,knn,4,1
18,10.117621898651123,0.9929491564,21000,9000,4,uniform,4,1
18,19.593551874160767,0.9929471249,21000,9000,4,extrapolated,4,1
18,1.0020594596862793,0.9942402258,21000,9000,4,knn,4,1
19,10.14962363243103,1.0181126528,21000,9000,4,uniform,4,1
19,19.60285186767578,1.0181177766,21000,9000,4,extrapolated,4,1
19,0.9991710186004639,1.0204960557,21000,9000,4,knn,4,1
0,0.4441797733306885,1.0070436322,21000,9000,1,uniform,4,2
0,9.643799066543579,1.0070436322,21000,9000,1,extrapolated,4,2
0,0.4386882781982422,1.0069518123,21000,9000,1,knn,4,2
1,0.4410288333892822,1.0009625512,21000,9000,1,uniform,4,2
1,8.926220417022705,1.0009625512,21000,9000,1,extrapolated,4,2
1,0.4442908763885498,1.0010839449,21000,9000,1,knn,4,2
2,0.45441746711730957,1.0206309148,21000,9000,1,uniform,4,2
2,9.553045749664307,1.0206309148,21000,9000,1,extrapolated,4,2
2,0.34815502166748047,1.0217467625,21000,9000,1,knn,4,2
3,0.4450516700744629,0.9990392497,21000,9000,1,uniform,4,2
3,9.759473085403442,0.9990392497,21000,9000,1,extrapolated,4,2
3,0.44161295890808105,0.9990688842,21000,9000,1,knn,4,2
4,0.2984485626220703,0.9703638531,21000,9000,1,uniform,4,2
4,9.79424238204956,0.9703638531,21000,9000,1,extrapolated,4,2
4,0.44086194038391113,0.9705468766,21000,9000,1,knn,4,2
5,0.44226813316345215,1.0167168560,21000,9000,1,uniform,4,2
5,9.37916088104248,1.0167168560,21000,9000,1,extrapolated,4,2
5,0.4447052478790283,1.0170204459,21000,9000,1,knn,4,2
6,0.44764065742492676,0.9902440832,21000,9000,1,uniform,4,2
6,9.603450059890747,0.9902440832,21000,9000,1,extrapolated,4,2
6,0.443697452545166,0.9911220523,21000,9000,1,knn,4,2
7,0.2988154888153076,0.9941181919,21000,9000,1,uniform,4,2
7,9.439439058303833,0.9941181919,21000,9000,1,extrapolated,4,2
7,0.3380763530731201,0.9941040820,21000,9000,1,knn,4,2
8,0.44234514236450195,1.0069827967,21000,9000,1,uniform,4,2
8,8.86734652519226,1.0069827967,21000,9000,1,extrapolated,4,2
8,0.4418184757232666,1.0072521464,21000,9000,1,knn,4,2
9,0.44516944885253906,0.9998067287,21000,9000,1,uniform,4,2
9,8.984923839569092,0.9998067287,21000,9000,1,extrapolated,4,2
9,0.33599376678466797,1.0019411356,21000,9000,1,knn,4,2
10,0.44197773933410645,1.0267774327,21000,9000,1,uniform,4,2
10,8.86497712135315,1.0267774327,21000,9000,1,extrapolated,4,2
10,0.4411506652832031,1.0269926601,21000,9000,1,knn,4,2
11,0.30263328552246094,1.0190937106,21000,9000,1,uniform,4,2
11,9.045310258865356,1.0190937106,21000,9000,1,extrapolated,4,2
11,0.39345765113830566,1.0186639256,21000,9000,1,knn,4,2
12,0.29944562911987305,1.0036253482,21000,9000,1,uniform,4,2
12,9.635711669921875,1.0036253482,21000,9000,1,extrapolated,4,2
12,0.234940767288208,1.0054425485,21000,9000,1,knn,4,2
13,0.44468092918395996,1.0043025463,21000,9000,1,uniform,4,2
13,8.935006618499756,1.0043025463,21000,9000,1,extrapolated,4,2
13,0.4553651809692383,1.0047248371,21000,9000,1,knn,4,2
14,0.3001408576965332,1.0042757745,21000,9000,1,uniform,4,2
14,9.379568815231323,1.0042757745,21000,9000,1,extrapolated,4,2
14,0.4398186206817627,1.0041384760,21000,9000,1,knn,4,2
15,0.298170804977417,1.0008217547,21000,9000,1,uniform,4,2
15,8.80250859260559,1.0008217547,21000,9000,1,extrapolated,4,2
15,0.4373295307159424,1.0017029596,21000,9000,1,knn,4,2
16,0.44142985343933105,0.9893032531,21000,9000,1,uniform,4,2
16,9.23900032043457,0.9893032531,21000,9000,1,extrapolated,4,2
16,0.44547557830810547,0.9897697608,21000,9000,1,knn,4,2
17,0.4429173469543457,0.9954443154,21000,9000,1,uniform,4,2
17,9.385872602462769,0.9954443154,21000,9000,1,extrapolated,4,2
17,0.4403049945831299,0.9969435116,21000,9000,1,knn,4,2
18,0.4431624412536621,1.0005980841,21000,9000,1,uniform,4,2
18,9.46295952796936,1.0005980841,21000,9000,1,extrapolated,4,2
18,0.3930332660675049,1.0008288248,21000,9000,1,knn,4,2
19,0.44399094581604004,0.9883362930,21000,9000,1,uniform,4,2
19,8.978754758834839,0.9883362930,21000,9000,1,extrapolated,4,2
19,0.3844294548034668,0.9888080671,21000,9000,1,knn,4,2
0,2.9293627738952637,2.6103541231,21000,9000,2,uniform,4,2
0,18.649684190750122,2.1003476767,21000,9000,2,extrapolated,4,2
0,1.6800429821014404,2.2596243541,21000,9000,2,knn,4,2
1,2.922252893447876,2.6557432160,21000,9000,2,uniform,4,2
1,17.601643085479736,2.1717908315,21000,9000,2,extrapolated,4,2
1,1.676520824432373,2.2829547347,21000,9000,2,knn,4,2
2,2.925236701965332,2.6507569899,21000,9000,2,uniform,4,2
2,17.587721347808838,2.0248576083,21000,9000,2,extrapolated,4,2
2,1.6719040870666504,2.3018163917,21000,9000,2,knn,4,2
3,2.9205899238586426,2.7605549328,21000,9000,2,uniform,4,2
3,17.465271949768066,2.1739943832,21000,9000,2,extrapolated,4,2
3,1.6665492057800293,2.3933597254,21000,9000,2,knn,4,2
4,2.9213874340057373,2.6974214750,21000,9000,2,uniform,4,2
4,17.537260055541992,2.1009930261,21000,9000,2,extrapolated,4,2
4,1.6510624885559082,2.3314545771,21000,9000,2,knn,4,2
5,2.9306366443634033,2.7115774867,21000,9000,2,uniform,4,2
5,17.61792492866516,2.0717846673,21000,9000,2,extrapolated,4,2
5,1.6323227882385254,2.3544472737,21000,9000,2,knn,4,2
6,2.930908441543579,2.6931584291,21000,9000,2,uniform,4,2
6,18.42967128753662,2.1094499593,21000,9000,2,extrapolated,4,2
6,1.632544755935669,2.3529225019,21000,9000,2,knn,4,2
7,2.922302722930908,2.6268987968,21000,9000,2,uniform,4,2
7,18.32703447341919,2.1255640562,21000,9000,2,extrapolated,4,2
7,1.6710238456726074,2.3191825283,21000,9000,2,knn,4,2
8,2.9304399490356445,2.6371450777,21000,9000,2,uniform,4,2
8,18.566619634628296,2.1202699581,21000,9000,2,extrapolated,4,2
8,1.7191658020019531,2.2570680884,21000,9000,2,knn,4,2
9,2.924989700317383,2.6461954728,21000,9000,2,uniform,4,2
9,17.864752054214478,2.1013347359,21000,9000,2,extrapolated,4,2
9,1.6563928127288818,2.2839583350,21000,9000,2,knn,4,2
10,2.924776315689087,2.6110392609,21000,9000,2,uniform,4,2
10,17.56159496307373,2.1594754597,21000,9000,2,extrapolated,4,2
10,1.6872620582580566,2.2837227099,21000,9000,2,knn,4,2
11,2.9309935569763184,2.6471985174,21000,9000,2,uniform,4,2
11,17.788214683532715,2.1058157748,21000,9000,2,extrapolated,4,2
11,1.6815357208251953,2.2992894585,21000,9000,2,knn,4,2
12,2.922563314437866,2.7730124569,21000,9000,2,uniform,4,2
12,17.53703784942627,2.2447496150,21000,9000,2,extrapolated,4,2
12,1.6453115940093994,2.3833270740,21000,9000,2,knn,4,2
13,2.925710916519165,2.6682920742,21000,9000,2,uniform,4,2
13,18.552080631256104,2.1065151343,21000,9000,2,extrapolated,4,2
13,1.6814460754394531,2.3120196493,21000,9000,2,knn,4,2
14,2.9298717975616455,2.7400992171,21000,9000,2,uniform,4,2
14,17.589176177978516,2.1838915864,21000,9000,2,extrapolated,4,2
14,1.6406240463256836,2.3795191492,21000,9000,2,knn,4,2
15,2.928438425064087,2.6001780082,21000,9000,2,uniform,4,2
15,17.518317461013794,2.1243614618,21000,9000,2,extrapolated,4,2
15,1.8466074466705322,2.3100123461,21000,9000,2,knn,4,2
16,2.9236464500427246,2.6007747072,21000,9000,2,uniform,4,2
16,18.566203117370605,2.0655270272,21000,9000,2,extrapolated,4,2
16,1.6879041194915771,2.2481788439,21000,9000,2,knn,4,2
17,2.931260585784912,2.6386747670,21000,9000,2,uniform,4,2
17,17.65393567085266,2.1049491846,21000,9000,2,extrapolated,4,2
17,1.659022331237793,2.3135874185,21000,9000,2,knn,4,2
18,2.9250268936157227,2.6111291833,21000,9000,2,uniform,4,2
18,18.590222120285034,2.1549725356,21000,9000,2,extrapolated,4,2
18,1.671630620956421,2.2607396975,21000,9000,2,knn,4,2
19,2.9193787574768066,2.6713701620,21000,9000,2,uniform,4,2
19,18.61285662651062,2.1791462618,21000,9000,2,extrapolated,4,2
19,1.682445764541626,2.3269207235,21000,9000,2,knn,4,2
0,0.3841686248779297,975.0913302958,21000,9000,3,uniform,4,2
0,9.64287281036377,950.2940036437,21000,9000,3,extrapolated,4,2
0,0.07949304580688477,538.2884925280,21000,9000,3,knn,4,2
1,0.38306307792663574,949.5841871184,21000,9000,3,uniform,4,2
1,9.303484201431274,928.1894896970,21000,9000,3,extrapolated,4,2
1,0.06694912910461426,507.8366553128,21000,9000,3,knn,4,2
2,0.3800997734069824,896.2260952200,21000,9000,3,uniform,4,2
2,9.32201623916626,875.7366372078,21000,9000,3,extrapolated,4,2
2,0.08167362213134766,504.0115519349,21000,9000,3,knn,4,2
3,0.3829517364501953,996.3715712376,21000,9000,3,uniform,4,2
3,9.329119443893433,970.6710072354,21000,9000,3,extrapolated,4,2
3,0.08327198028564453,526.3572694737,21000,9000,3,knn,4,2
4,0.38120436668395996,968.5903170569,21000,9000,3,uniform,4,2
4,9.329408407211304,947.4302542101,21000,9000,3,extrapolated,4,2
4,0.06585836410522461,535.2278827623,21000,9000,3,knn,4,2
5,0.3844614028930664,1032.6602303278,21000,9000,3,uniform,4,2
5,9.36638355255127,1011.7260704012,21000,9000,3,extrapolated,4,2
5,0.06555676460266113,520.3623225993,21000,9000,3,knn,4,2
6,0.38157153129577637,942.1402927770,21000,9000,3,uniform,4,2
6,9.885077476501465,920.8876650090,21000,9000,3,extrapolated,4,2
6,0.06551122665405273,501.9332321167,21000,9000,3,knn,4,2
7,0.3820483684539795,1026.7126601892,21000,9000,3,uniform,4,2
7,9.327054738998413,997.4919765949,21000,9000,3,extrapolated,4,2
7,0.06524825096130371,523.4578816950,21000,9000,3,knn,4,2
8,0.38393735885620117,1081.7103743193,21000,9000,3,uniform,4,2
8,9.33967137336731,1053.5384487926,21000,9000,3,extrapolated,4,2
8,0.0661625862121582,543.6060714244,21000,9000,3,knn,4,2
9,0.38322901725769043,1010.8802725586,21000,9000,3,uniform,4,2
9,9.314751863479614,985.5733145222,21000,9000,3,extrapolated,4,2
9,0.06628084182739258,538.7673228849,21000,9000,3,knn,4,2
10,0.3826324939727783,946.8410175984,21000,9000,3,uniform,4,2
10,9.551602125167847,921.6105037444,21000,9000,3,extrapolated,4,2
10,0.06717896461486816,523.4772128676,21000,9000,3,knn,4,2
11,0.3840165138244629,1004.6028839396,21000,9000,3,uniform,4,2
11,9.336196660995483,979.8092049975,21000,9000,3,extrapolated,4,2
11,0.0655055046081543,536.7790187991,21000,9000,3,knn,4,2
12,0.3849453926086426,918.1732023105,21000,9000,3,uniform,4,2
12,9.365564346313477,893.4065856437,21000,9000,3,extrapolated,4,2
12,0.0653526782989502,504.9527427751,21000,9000,3,knn,4,2
13,0.3859844207763672,1055.3763855259,21000,9000,3,uniform,4,2
13,9.528393983840942,1026.9072424270,21000,9000,3,extrapolated,4,2
13,0.08100342750549316,538.7353302985,21000,9000,3,knn,4,2
14,0.37790441513061523,973.8146955733,21000,9000,3,uniform,4,2
14,9.291855573654175,948.5053170724,21000,9000,3,extrapolated,4,2
14,0.06541585922241211,499.1863664009,21000,9000,3,knn,4,2
15,0.3820912837982178,935.3769004598,21000,9000,3,uniform,4,2
15,10.231871843338013,912.9422734288,21000,9000,3,extrapolated,4,2
15,0.06882905960083008,493.6894738439,21000,9000,3,knn,4,2
16,0.38677072525024414,971.6147801082,21000,9000,3,uniform,4,2
16,9.309673309326172,948.2322705995,21000,9000,3,extrapolated,4,2
16,0.08097028732299805,523.7240763082,21000,9000,3,knn,4,2
17,0.38332271575927734,967.1408509057,21000,9000,3,uniform,4,2
17,9.366545677185059,942.8636095859,21000,9000,3,extrapolated,4,2
17,0.08082985877990723,523.9908912617,21000,9000,3,knn,4,2
18,0.38179779052734375,1008.3249441748,21000,9000,3,uniform,4,2
18,9.242183446884155,980.7224004764,21000,9000,3,extrapolated,4,2
18,0.08113384246826172,525.9042939418,21000,9000,3,knn,4,2
19,0.38241004943847656,930.2611929094,21000,9000,3,uniform,4,2
19,9.524091720581055,904.2821888453,21000,9000,3,extrapolated,4,2
19,0.06498312950134277,509.6603836290,21000,9000,3,knn,4,2
0,13.471538305282593,0.9915554014,21000,9000,4,uniform,4,2
